Item_Identifier,Outlet_Identifier,Item_Outlet_Sales
FDT51,OUT027,0.1954815769475953
FDB27,OUT049,-0.594453803527158
NCB07,OUT035,0.5524047425928054
FDY39,OUT027,3.642828458368077
DRA59,OUT045,0.4692191872390359
FDX28,OUT035,-0.4606358021836859
NCO07,OUT045,0.8272693050767433
NCY42,OUT027,0.7020025207353222
FDN51,OUT045,1.6847689290326262
FDW21,OUT045,-0.4333830407978214
FDB38,OUT027,0.9181212826261534
FDV47,OUT049,-0.1550127539540784
FDS08,OUT019,-1.168126627122417
FDC35,OUT017,0.4425651640517135
NCU54,OUT035,1.3584256741433844
NCG19,OUT046,0.4156234647649217
NCF30,OUT035,-0.5452433127105264
FDT47,OUT010,-1.1993752120928851
FDU60,OUT017,0.8547682046687778
NCD30,OUT035,-0.352540249582115
FDU01,OUT013,0.6004022481095703
DRL59,OUT013,-1.0160362361608986
FDA46,OUT045,1.5380007985268829
DRH51,OUT017,-0.7428769719725785
FDX14,OUT019,-1.3123226300890751
DRI13,OUT017,2.157016972483461
DRM48,OUT010,-1.30146669086164
FDX35,OUT046,1.7391594715141667
NCM31,OUT017,0.4778168911089223
FDV60,OUT049,0.8037284750260885
FDS23,OUT027,0.7913789444368204
FDH57,OUT017,0.7756698618411669
NCO29,OUT035,1.730957723044728
DRC13,OUT035,0.5555176660825514
FDI22,OUT019,-1.090012079470081
FDG14,OUT027,1.7883699623307985
FDM44,OUT013,-1.1603744479184228
FDP25,OUT019,-1.219513371092796
FDV40,OUT013,-0.8819466709295855
DRG13,OUT027,1.3044668026339197
FDQ08,OUT045,-0.5668268613143124
FDS11,OUT049,0.3793959094756589
FDQ10,OUT045,1.5457708760242457
NCP41,OUT027,0.2418208424944275
FDK28,OUT046,2.14708854012572
FDV39,OUT049,0.0681430012088316
FDX47,OUT013,-0.3423579558349395
FDL34,OUT049,0.377669225587356
FDZ34,OUT045,0.4757842151624201
FDA01,OUT046,-1.0192180400496635
FDW11,OUT018,-0.9596474459032144
FDT51,OUT017,-0.5226467679459857
NCG07,OUT027,1.5915279990642717
FDJ20,OUT046,-0.2493672030264687
FDR56,OUT045,0.5605731355249067
FDW52,OUT049,1.411089532736622
NCJ19,OUT027,0.4208363227949276
FDF08,OUT019,-1.25099853609657
FDL56,OUT046,-0.6334875159961513
DRG25,OUT045,0.3955254135325204
NCL05,OUT027,-0.547401667570905
FDW14,OUT018,-0.7390635791725231
FDP44,OUT049,-0.2309868450394046
FDJ03,OUT049,-0.9092246931019456
FDF09,OUT049,-1.2885807266249107
FDF22,OUT019,-1.1048018732900289
FDR07,OUT019,-1.2376435519199762
FDM08,OUT049,-0.9259771100813086
FDF34,OUT046,0.00438869364558
FDK45,OUT018,-0.458397591751994
FDB44,OUT027,3.1546085889504414
FDN12,OUT018,-0.4183320469202657
NCT54,OUT035,-0.8055409088721837
FDX26,OUT035,0.6496219379950577
FDX50,OUT045,-0.2862407294650963
FDU40,OUT045,0.0206773316807383
FDC22,OUT046,-0.2344402128160103
FDZ55,OUT013,0.2456372769813099
FDG28,OUT045,0.9019952201909768
DRH23,OUT017,-0.6086989456056568
FDZ21,OUT027,-0.2344402128160103
FDZ60,OUT013,-0.5461737127483862
FDQ07,OUT019,-1.1326502610388935
FDG02,OUT046,-0.1265224697970811
NCB06,OUT010,-1.257500416635459
FDS01,OUT019,-1.2458453003894148
FDL21,OUT049,-0.9446106549745454
FDI52,OUT018,-0.4873994024523804
DRH15,OUT019,-1.2756305974626392
FDJ40,OUT049,-0.3314615680434593
FDV13,OUT046,-0.4821840037418928
NCC43,OUT013,1.4054778100996377
FDC56,OUT018,0.1152132745653202
FDL43,OUT035,-0.2193317287933603
FDY38,OUT018,0.8181226800015542
NCK18,OUT018,0.5658777694123684
NCN06,OUT049,0.4462582159684891
FDR25,OUT049,0.619807242631643
NCY42,OUT049,0.8663207659770673
FDF16,OUT046,0.6513486218833605
DRG27,OUT013,-0.9296677474684544
FDV50,OUT013,0.3957994064145361
FDX15,OUT013,1.031650748282067
FDI45,OUT018,1.0230173288405526
NCM53,OUT027,0.3202813359506628
FDU14,OUT045,1.8764308406342447
NCJ30,OUT019,-1.2010172666320484
FDE14,OUT035,0.3224153411616642
FDZ26,OUT013,0.4985370977685567
NCB30,OUT027,2.240761141066149
FDG09,OUT013,-0.2655205228054619
FDC44,OUT018,-0.3282619507171021
FDW32,OUT017,-0.6904905699162092
FDO38,OUT013,-0.7289434624960947
FDU08,OUT017,-0.3534135398459222
NCX30,OUT045,0.7345508203390178
FDO44,OUT013,-0.3578981108296654
FDE10,OUT027,1.0199956320360226
FDH47,OUT045,-0.9829576783953032
NCY29,OUT035,-1.030873156295708
FDZ02,OUT035,-0.5530392668251551
FDQ33,OUT013,0.3707251304245393
FDE32,OUT049,-1.0253609421980645
FDY40,OUT013,-1.1694395383320129
FDA51,OUT035,-0.4322108836081454
FDL02,OUT013,-0.3315661815330466
DRG39,OUT046,-0.9859793751998334
FDS37,OUT035,-0.609993958521884
FDM32,OUT045,-0.7545282723983371
DRE25,OUT019,-1.249640859256775
NCW53,OUT018,0.510192214014601
FDW10,OUT013,-0.037409681154575
FDR24,OUT019,-1.218048417986087
FDS48,OUT046,-0.3855250530425111
FDZ45,OUT017,0.6685182682167042
FDI02,OUT049,-0.3965883388564258
DRE60,OUT045,3.6290149872616544
FDC45,OUT019,-1.2501620101101718
FDG05,OUT017,0.256984953504322
FDA56,OUT018,-0.5152311880407296
FDO60,OUT045,-1.0084732333753923
DRF49,OUT045,-0.9920227688088932
FDS32,OUT010,-1.1789362997176789
NCD07,OUT045,-0.5573930048632634
FDM39,OUT013,1.5418858372755642
FDC44,OUT017,0.1890290107902677
DRM35,OUT035,0.6055914988433343
NCE07,OUT017,0.3858709740567946
FDJ32,OUT035,-0.8601157932778409
FDY45,OUT013,1.3080856867354202
FDU27,OUT017,-0.8638164901024054
FDZ01,OUT027,0.6461685702184518
FDK32,OUT035,0.5073142672355575
FDD14,OUT018,-0.2849457165488692
FDS04,OUT046,0.1873023269019649
FDJ27,OUT049,0.2900400182559854
FDR49,OUT046,-0.5840937001973409
FDA32,OUT013,0.8192739963549237
DRC27,OUT013,1.1230992259677632
FDI22,OUT045,0.8076135137747701
NCL07,OUT046,-0.9466973167409428
FDS28,OUT019,-1.2832354476599592
FDY50,OUT018,-0.3199110652870023
DRC24,OUT017,0.8326504301551616
NCK31,OUT010,-1.2792302842958634
FDZ19,OUT035,0.1809021979777991
NCD54,OUT017,-0.4243754405293257
FDT60,OUT027,0.6567410817652806
FDO25,OUT013,0.8626197850474
FDF05,OUT027,2.21960926343444
FDN51,OUT013,0.7119314352969136
FDR22,OUT045,0.5244373560930996
FDT12,OUT013,2.004637119340732
NCQ43,OUT013,-0.7239550951498731
FDQ11,OUT035,2.138023449712129
NCE43,OUT035,0.5175306205398883
FDU07,OUT027,1.1113929032198508
FDK20,OUT017,-0.4873994024523804
FDS44,OUT013,1.0812405741229705
NCW05,OUT046,-0.2045385216979807
NCA30,OUT045,0.5423130598629285
FDP33,OUT017,2.119893268884949
FDE17,OUT027,0.9310851229784568
FDQ11,OUT018,0.638398492721089
NCQ02,OUT018,0.335700373127624
DRH03,OUT027,-0.050116055149995
NCM19,OUT046,-0.8504346899680582
NCQ41,OUT017,0.476980765660659
FDJ08,OUT046,0.4549928437182304
FDV27,OUT046,-0.6000073281010623
FDK08,OUT019,-1.2298734744226132
FDU19,OUT046,0.6513486218833605
FDO50,OUT049,-0.5866837260297951
FDM22,OUT045,-0.8499032564346627
FDK26,OUT013,0.4602250149742278
FDD09,OUT045,-0.3043709102922764
FDC23,OUT046,0.0397333626712658
FDY11,OUT035,-0.7399050685152655
FDW34,OUT046,-0.1006222114725381
FDI57,OUT013,0.2999684506137269
DRK13,OUT018,0.9543816442805136
FDM22,OUT010,-1.2812371246889596
FDU33,OUT045,-0.967969887640085
FDD34,OUT018,0.0132100122527062
FDT12,OUT019,-1.0390639320673227
FDQ47,OUT027,-0.5676044257215346
FDF38,OUT046,-1.1241140862640626
FDH46,OUT010,-1.2398381591252112
FDO34,OUT035,2.011112183921868
NCI31,OUT018,-0.9812309945070004
FDP13,OUT019,-1.309300933284545
FDA47,OUT019,-1.1418260408992296
FDN21,OUT019,-1.1521726994489845
FDT03,OUT035,0.6642987510456319
FDW35,OUT017,-1.2523203649705503
NCP02,OUT035,-0.6775930144153873
FDP10,OUT045,-0.4002018660930856
FDT59,OUT013,1.1223328423870162
FDX39,OUT049,2.744089494506436
FDD03,OUT027,2.138278660054912
NCN18,OUT046,-0.3791724967970556
FDQ51,OUT018,-0.9871106985936392
FDO48,OUT013,0.6453052282743003
FDH12,OUT010,-1.2421838847852835
FDN39,OUT027,1.902331098958788
FDE04,OUT049,0.3871659869730216
NCF07,OUT013,-0.5659908772354995
FDS60,OUT017,0.0069048035538585
FDV04,OUT049,-0.5461066546546778
DRH13,OUT027,0.3114129330884694
FDD36,OUT018,-0.2085399544914674
FDX58,OUT017,1.2505079311244554
FDB58,OUT019,-1.0852636987772482
DRJ13,OUT049,0.2374377657912243
NCY05,OUT049,-1.1780729577735272
FDY44,OUT018,-0.724386766121949
NCJ06,OUT049,-0.0032901216158835
FDB58,OUT018,0.2019791399525393
DRI01,OUT017,0.6513486218833605
FDL12,OUT027,-0.6617944751709699
FDW45,OUT045,1.3100785252709044
FDB12,OUT013,-0.6203540618517012
DRC12,OUT017,0.7376828162985037
FDJ20,OUT027,0.825505069919268
NCQ54,OUT049,0.5269578207184674
FDE08,OUT010,-1.1685761963878614
FDZ25,OUT017,0.5485907631544283
NCP41,OUT013,-0.731725172647236
NCH07,OUT018,-0.0795525238764093
FDL14,OUT010,-1.1590794350021958
FDP58,OUT017,0.5613895347361898
FDI04,OUT049,0.6357789019270293
FDX51,OUT017,0.7404070909928986
FDW23,OUT045,-1.010584620608149
FDX32,OUT013,0.1265132969634168
FDL09,OUT017,0.0440548258859426
FDV07,OUT013,-0.5191199199301302
FDS32,OUT046,0.3694674771179174
FDP12,OUT045,-1.0865587116934752
FDQ22,OUT017,-1.014601751227106
FDA26,OUT049,0.8220978076633749
FDR55,OUT017,0.1100332229004117
FDZ48,OUT010,-1.2410237190909672
FDF17,OUT018,0.5632542257512164
FDL33,OUT017,0.27397070654043
NCN19,OUT049,0.4830607283906569
NCM06,OUT049,-0.1593294636748356
FDF28,OUT049,-0.1876146299916315
FDC51,OUT013,-0.5625101515935551
FDJ32,OUT046,-1.0831053439168694
FDL45,OUT010,-1.1987931644331615
FDY14,OUT045,1.2473424575213383
FDO12,OUT035,1.8116801948228871
DRI01,OUT046,0.3159402765805284
NCR29,OUT013,-0.990191786678022
FDT12,OUT045,1.5656277407397283
FDL46,OUT010,-1.2846956878762292
DRO35,OUT046,0.7419995260192609
FDL28,OUT035,0.8792708951393389
FDI02,OUT035,0.7545179842094566
FDE53,OUT046,-0.3941584724840255
FDY31,OUT019,-1.1925406529977902
NCW30,OUT018,0.6997579102601703
FDE26,OUT046,0.4186779679345492
FDI34,OUT019,-1.1125661550501544
FDV35,OUT013,0.3147075856271574
FDP51,OUT046,-0.0548650884325121
FDW57,OUT018,1.5095105143698853
FDM32,OUT010,-1.302825868703409
FDS33,OUT035,-0.3597779286860824
FDN20,OUT017,1.0415791806398085
FDU11,OUT019,-1.1865647160657171
FDE21,OUT018,-0.4219467258542215
NCO26,OUT013,0.1411135328898632
NCS29,OUT010,-1.0951548146355952
FDU24,OUT013,-0.5754602807558266
DRH37,OUT027,1.2094054217677808
FDB17,OUT019,-1.243686945529036
FDV35,OUT045,0.2391757609075158
FDA34,OUT045,0.4364266043273031
FDE44,OUT035,-0.8819466709295855
FDS35,OUT035,-0.6824258281644632
FDX35,OUT017,1.4438965266143766
FDO27,OUT027,1.1874839692014008
FDM09,OUT049,0.4431661619338107
DRE12,OUT027,0.5468842466410369
FDW34,OUT049,1.0820362096175942
FDT51,OUT046,-0.414351619904158
FDP31,OUT027,0.0893130162407773
FDZ35,OUT045,-0.2236484385141174
FDZ14,OUT046,-0.9682808653447288
FDA27,OUT045,-0.6980548368253302
FDT39,OUT027,0.9805221633297884
NCX06,OUT019,-1.008857936719846
FDH05,OUT017,1.255409055937022
NCK30,OUT049,1.4078892443102726
FDU09,OUT035,-0.68337010064055
NCM42,OUT027,0.254181695084771
FDZ03,OUT046,0.8145202493279814
NCW42,OUT017,1.5051938046491284
FDV11,OUT018,0.2723282922961284
FDH60,OUT045,-0.215015019072603
FDC38,OUT017,-0.1830060732512912
FDT35,OUT027,1.231446058396611
FDF32,OUT013,-0.0790386628687523
FDG56,OUT045,-0.765395508469142
NCL55,OUT035,1.755562968453044
FDF59,OUT013,-0.3186956600160491
NCK31,OUT045,-0.949345062259872
FDI34,OUT049,1.177987207815735
FDG14,OUT013,-0.0771126132723255
FDW43,OUT027,2.6924041047792824
FDQ59,OUT018,-0.6468031641233679
FDC33,OUT045,0.6832922738169634
DRH49,OUT013,-0.6652478429475757
FDF11,OUT010,-1.0410202986181836
FDG56,OUT027,0.028879080150177
FDW59,OUT019,-1.251457023026399
DRC24,OUT027,1.0718695455580185
FDE20,OUT046,1.831105388566295
DRJ51,OUT049,-0.166236199228047
FDL58,OUT027,1.976914754125843
FDL51,OUT045,1.974851822267508
NCS38,OUT027,-0.6928747851604216
FDV33,OUT013,1.250124650664077
FDX08,OUT049,0.0426925512565997
NCU53,OUT046,0.2134480885478474
FDO11,OUT045,1.3206036098725689
FDT56,OUT019,-1.2598036422084469
FDL28,OUT045,0.8106021307954313
FDD46,OUT017,-0.2580093236259733
NCU53,OUT027,1.350206883321451
FDX02,OUT017,0.6023676902995513
DRJ59,OUT013,-1.1608061188904986
FDS55,OUT045,1.526777353252914
FDN28,OUT045,-0.7084949543300124
FDK57,OUT018,-0.2969440940141292
NCN42,OUT035,0.3488298093964597
FDG33,OUT019,-1.2497303391380965
NCI31,OUT017,-0.9501807618892272
FDC04,OUT018,0.0491676158377355
FDJ48,OUT046,0.5606977177474599
FDU12,OUT045,1.715849239022078
FDC05,OUT049,1.3221653124890242
FDO57,OUT027,1.1820186052958468
FDC50,OUT046,0.4907670202711939
FDP58,OUT019,-1.2190817001207204
FDU51,OUT049,0.5172967313619483
FDX12,OUT013,0.8386360652552223
FDG53,OUT045,-0.3227916418614786
FDN31,OUT018,0.1382712533225283
NCQ43,OUT046,-0.3699848980477854
DRL37,OUT017,-0.9402222521598071
NCB18,OUT027,0.8205636429370413
FDB26,OUT046,-0.9121636389748856
FDY35,OUT045,-1.033463182128162
FDD10,OUT027,0.4899036783270425
FDW58,OUT049,-0.428524563818679
NCK30,OUT017,0.9758097926059752
FDB23,OUT027,1.126618362138725
FDH45,OUT046,-1.039938246709298
NCC55,OUT027,-0.8700152636549111
FDD08,OUT046,-0.9521946925737214
FDT39,OUT049,-0.087240411338191
NCO43,OUT018,-0.4425056213565058
FDT26,OUT049,-0.1955898253291957
NCU06,OUT013,1.4685017720226925
FDU11,OUT018,-0.0328498688566506
FDF44,OUT013,-0.4262298356543739
FDE38,OUT045,-0.1056544034877052
NCK54,OUT019,-1.1803465834626805
FDQ08,OUT010,-1.2816739910716992
FDX11,OUT049,1.7028991098598063
FDQ48,OUT018,-0.9169120196677184
FDR37,OUT046,-0.0600451400974208
FDN12,OUT017,-0.6358942168464269
FDF59,OUT010,-1.2109288953440749
NCY54,OUT017,0.0592359931459305
FDC44,OUT027,2.1082381526389047
FDC22,OUT049,0.266298114791821
FDP52,OUT017,1.7663547427549366
FDY44,OUT045,1.0584143485507616
FDD44,OUT027,2.2926026531250354
FDS01,OUT035,0.2654230607578979
FDS36,OUT017,0.7044441514486737
FDT39,OUT013,-0.0263017463582224
NCL30,OUT018,-0.2851090946743556
FDO52,OUT045,0.0811112677713387
FDD57,OUT010,-1.2993725009268036
FDE29,OUT018,-0.6147423392147168
FDT55,OUT019,-1.0541833887877965
NCD06,OUT013,-0.9078469292541284
FDD58,OUT010,-1.245841018162562
FDM24,OUT010,-1.153687284015118
FDV22,OUT045,0.4648667619466507
FDS58,OUT045,0.1993891141200851
FDQ14,OUT013,-0.1334148247523275
DRL49,OUT027,0.3995438357035989
FDE44,OUT049,-0.7855817735242056
FDP09,OUT017,1.0221880160628998
FDO27,OUT046,-0.4908527702289861
FDY35,OUT049,-0.5271131318833464
FDV38,OUT046,-0.9722734349374228
FDY19,OUT046,-0.1216774698037
NCZ53,OUT049,1.2043191371123536
DRN47,OUT018,-0.7783456376314135
FDA15,OUT046,1.1049892417029457
FDR43,OUT017,-1.013509048184292
FDC10,OUT019,-1.2829690039879262
FDN52,OUT027,-0.3432212977790909
FDM36,OUT018,-0.0142665507428798
FDV44,OUT046,-0.1265224697970811
NCO07,OUT017,0.6699049144719634
FDS31,OUT013,1.2125208855817924
FDB20,OUT046,-0.6002603759800011
FDC39,OUT017,1.6018881023940887
DRN36,OUT027,0.3172352894967556
FDF53,OUT018,0.4398529426044875
NCS17,OUT018,0.4165196130741705
FDM25,OUT019,-1.0779318215562834
FDM16,OUT018,-0.5318615125761792
NCE19,OUT045,-0.6885580754396644
NCU18,OUT045,-0.1855379102987245
FDI41,OUT013,-0.2163100319888301
FDH34,OUT018,0.3161066282877309
FDB56,OUT046,-0.5089829510561662
NCM17,OUT049,-0.8349780846952698
NCU42,OUT027,1.478430204380434
FDN46,OUT049,-0.629850823237367
FDL24,OUT049,1.2103625307214136
FDK57,OUT045,-0.326348182904048
FDS49,OUT045,-0.2404836064250704
NCM29,OUT049,-0.1879378658684866
FDO50,OUT027,0.545157562752734
NCO41,OUT035,0.4277430583481393
DRI25,OUT035,-0.9329731556979332
FDB14,OUT017,-0.4180539341809224
FDQ57,OUT017,0.090831209486208
FDY50,OUT035,-0.3777549755451483
FDR15,OUT010,-1.1511151453591233
FDY11,OUT013,-0.9764826138141672
NCV54,OUT046,-0.5158896866093776
FDB04,OUT027,0.9181212826261534
FDS44,OUT046,1.132230084775709
FDZ59,OUT027,1.3368421255395986
FDD26,OUT010,-1.0010878592224832
FDX39,OUT013,0.691494022286402
FDX51,OUT013,0.3692080442371372
FDL57,OUT045,1.821176956208553
FDG24,OUT045,0.3655824383692358
FDO39,OUT018,1.260004692510121
FDW19,OUT049,-0.5776186356162052
FDG41,OUT027,0.3837241999935892
FDN15,OUT027,0.5425675369202797
FDQ59,OUT035,-0.7084149401551473
NCV05,OUT049,0.01719623684725
FDR12,OUT017,-0.6928747851604216
FDY48,OUT045,-0.4304188341383858
NCN19,OUT045,0.4108589526611035
FDK45,OUT027,0.5863851060995375
FDA38,OUT018,-1.0494350080949637
FDV56,OUT018,-0.6432846567893364
DRJ37,OUT013,-0.1662966190277338
NCG43,OUT046,-0.8210810638669094
FDA15,OUT010,-1.038211562820995
FDG38,OUT027,0.9043078115197304
NCP43,OUT049,0.4354497771498088
FDW08,OUT045,-0.4871352834730291
NCU06,OUT045,0.915211189292504
FDP33,OUT013,-0.0350082237170291
FDF20,OUT013,0.6832922738169634
FDO15,OUT035,-0.4507073698259444
FDD47,OUT045,1.5121005402023395
FDG47,OUT018,0.8499172690381903
FDV27,OUT019,-1.2462769713614903
FDE58,OUT046,-0.2740307614500199
FDK16,OUT045,-0.2499803678107361
NCY41,OUT013,-0.977915508398144
FDJ09,OUT049,-0.9207970584164
NCE07,OUT045,-0.2577504453080991
FDZ32,OUT018,-0.8836733548178883
FDF52,OUT035,0.0582327062513256
FDE59,OUT013,-1.127999125012744
FDM60,OUT019,-1.317379837160462
DRF49,OUT019,-1.2872857137086835
FDT55,OUT045,-0.6449593072600169
FDH26,OUT017,-0.3603082467024679
FDA19,OUT035,-0.3972317450316229
FDC21,OUT017,-0.1649411863118199
FDN56,OUT046,-0.0496850367676036
FDT32,OUT013,0.4018173920343263
FDS46,OUT017,-0.8974868259243114
FDV24,OUT046,-0.0914412819831091
FDS40,OUT035,-0.994380689416524
FDZ32,OUT013,-0.3380412461141824
FDB10,OUT018,-0.5948854744992338
FDO21,OUT027,1.9242536620591089
FDP56,OUT013,-0.9119554097273336
FDG38,OUT018,-0.532293183548255
FDE24,OUT046,-0.150140031538854
FDI35,OUT035,2.174283811366489
FDM01,OUT017,0.5002637816568596
FDO49,OUT027,-0.376891633600997
FDY09,OUT017,-0.2258067933744959
FDE46,OUT049,0.0284557330078209
FDT23,OUT013,-0.4520023827421716
FDD20,OUT035,-0.0311344990088799
FDR03,OUT027,1.760651783028048
FDL36,OUT017,-1.0114479625523003
NCC30,OUT027,1.515778794186723
FDI48,OUT017,-0.7295668177868575
FDU59,OUT027,2.32536865159299
FDS10,OUT010,-1.2441186165011118
FDQ25,OUT017,0.5808907832512812
FDW57,OUT049,1.1650370786534632
NCA53,OUT013,-0.7943760211699827
DRF01,OUT010,-1.219199291012708
FDP37,OUT049,-0.1094802959664688
FDF32,OUT027,1.952688528973174
FDU08,OUT027,1.147338568798359
NCH55,OUT017,0.0331957898709341
FDZ14,OUT027,1.2315144083531238
FDP22,OUT046,-0.8947822792105644
FDG46,OUT049,-0.4753126152342602
FDP44,OUT045,-0.3639415044387253
FDQ10,OUT017,0.7189307429141553
FDQ13,OUT019,-1.0347581950443892
NCX06,OUT035,0.3139698007032873
FDX20,OUT018,1.1339567686640115
NCU29,OUT017,0.3201268578464706
FDE39,OUT046,-0.2635428165734821
FDF45,OUT049,-0.297464174739065
FDH38,OUT046,-0.2214900836537388
FDB34,OUT049,-0.286672400437172
FDP45,OUT027,1.902331098958788
DRK59,OUT027,1.5259140113087624
DRP47,OUT049,0.4385348326500322
NCC42,OUT010,-1.1613599915129815
FDG46,OUT019,-1.2872857137086835
NCP14,OUT049,-0.2378121973465484
FDA36,OUT049,0.2189579751133349
FDZ34,OUT035,3.0203589166348936
DRK13,OUT035,0.327573121449879
NCL17,OUT019,-1.2076495514987564
FDH05,OUT035,2.5446575054074545
NCP14,OUT018,0.1976624302317819
FDV24,OUT027,1.0582015218969445
FDH21,OUT019,-1.15562606722559
NCF19,OUT010,-1.2839286916668262
FDF57,OUT046,0.5175306205398883
FDZ40,OUT018,-0.9764826138141672
NCS42,OUT018,-0.4956384449325668
FDV39,OUT045,-0.7200700564011917
FDZ27,OUT046,-0.9142989229934594
FDW51,OUT045,0.5275641822133644
FDS13,OUT010,-1.189296403047496
FDE33,OUT018,-0.779143497344411
FDT55,OUT027,3.140363446871944
FDW59,OUT045,-0.8677015288510869
FDS08,OUT010,-1.1559503453620428
FDI04,OUT045,0.3055801732507113
FDK60,OUT013,-0.3799997266993354
NCE30,OUT019,-0.6725862494728628
NCX54,OUT046,0.0802479258271872
FDT04,OUT027,-0.7747131228265619
FDS57,OUT035,-0.2473903419782819
FDM38,OUT046,-0.7131633208479802
FDW47,OUT045,-0.4921477831452132
FDD52,OUT049,-0.0790386628687523
NCN26,OUT049,-0.3397979781060435
FDZ04,OUT049,-0.8279877994201209
NCQ18,OUT017,-0.5193430543859835
NCT42,OUT045,-0.0073812815041832
DRM48,OUT017,-1.0215459658711397
FDV45,OUT035,0.7277945879424866
FDG40,OUT035,-1.0588967723980016
FDY49,OUT013,-0.7187750434849646
FDZ19,OUT013,0.5080175194411823
FDY20,OUT013,-0.5979071713037639
FDJ08,OUT019,-0.989432742976439
FDJ33,OUT049,-0.1471892811127244
FDS48,OUT019,-1.2635438102445191
NCY18,OUT035,0.3418405349050716
FDD50,OUT045,0.1480977740100094
FDY48,OUT046,-0.1645095153397442
FDW46,OUT019,-1.318797694670211
FDV57,OUT013,0.3871659869730216
FDP33,OUT010,-1.0164668815775724
FDN22,OUT035,0.6533433465500013
FDH48,OUT046,-0.51396187028032
FDW26,OUT027,-0.3518547172206053
FDQ56,OUT045,-0.5311267040889672
FDU13,OUT045,-0.6933064561324972
NCW17,OUT045,-0.0783314256412351
NCB55,OUT017,-0.795452534778866
NCA06,OUT046,-1.242391932612809
FDL48,OUT010,-1.2665655070490491
FDX35,OUT049,1.5794501578041602
FDT25,OUT045,-1.1228190733478354
FDW51,OUT035,0.617412924261801
FDP21,OUT010,-1.1316125614508166
FDW23,OUT013,-0.8102892895650166
FDU44,OUT018,0.7454528937958665
FDO44,OUT046,-0.3814055045214362
NCA05,OUT027,0.990414733924281
FDY59,OUT045,0.1389551780294848
NCJ31,OUT046,0.8266070365461013
FDD39,OUT049,0.7486173632708301
NCZ41,OUT045,0.0185189768203596
NCP14,OUT010,-1.230604765020971
FDZ55,OUT045,-0.1178890503555668
DRZ11,OUT046,-0.3933514426029985
NCS41,OUT046,0.1384629436318291
FDQ03,OUT017,1.1403520986104203
DRE03,OUT017,-0.9320205036903686
FDT43,OUT045,-0.8897167484269484
NCB07,OUT013,0.1811721742481266
NCH07,OUT045,0.5909146857927602
FDN46,OUT045,-0.3639415044387253
FDK10,OUT013,-0.8948968000918571
FDE36,OUT049,1.930821383115785
FDV25,OUT017,1.1916254812881872
FDI24,OUT019,-1.1323158347335012
FDQ48,OUT027,-0.0919887920310238
FDS01,OUT027,2.442351485025509
FDH26,OUT027,0.1946407334272521
FDM08,OUT013,0.9595616959454222
FDE23,OUT045,-0.9682808653447288
FDC02,OUT013,1.0018654512088423
FDX20,OUT027,3.1887105957444235
FDZ09,OUT049,0.656528673548269
NCZ18,OUT045,-0.3743016077685425
NCI55,OUT018,-0.2942029420948134
FDQ47,OUT046,-0.8546986435458573
FDX07,OUT013,0.7979197191605644
DRN47,OUT046,0.6202683118939089
FDT34,OUT018,-1.0200813819938148
FDU36,OUT018,-0.2750172841911277
FDS19,OUT035,-0.6229440876841554
FDA22,OUT045,0.0287615444038473
FDK04,OUT018,-0.8808987880703442
FDP60,OUT049,-0.376891633600997
FDS35,OUT018,-0.7330201855634632
FDA50,OUT013,-0.7977708313748206
DRA24,OUT035,0.8689107918095218
NCF18,OUT013,0.5037171494334652
FDO49,OUT018,-1.008013530829866
FDS23,OUT035,-0.2780389809956577
FDU40,OUT049,-0.1690852357019289
FDI46,OUT045,0.2706148245125783
FDF26,OUT046,0.3444002245933864
FDQ55,OUT013,-0.1157517225679689
FDA03,OUT045,-0.056168147945822
FDY45,OUT045,0.287881663395607
FDT32,OUT046,0.1048531712355029
FDZ36,OUT049,0.4819837980659101
DRF37,OUT046,1.3354372395468723
FDE24,OUT035,-0.6220807457400039
FDZ10,OUT010,-1.1970664805448588
NCE42,OUT010,-1.0585835175533516
FDK34,OUT035,1.884200918131608
FDM02,OUT049,-0.5336803192019849
FDX24,OUT046,0.07895291291096
DRB24,OUT045,1.3428855191486588
FDN22,OUT018,0.760129706846441
FDU43,OUT049,0.5262229620837615
DRG27,OUT017,-0.9821993654396958
FDY47,OUT010,-1.2769256103788664
FDL44,OUT027,2.2053641213559407
NCM30,OUT027,-0.9061202453658256
NCF07,OUT049,-0.4425056213565058
FDV47,OUT013,-0.2098349674076945
FDM16,OUT045,-0.7680423877565337
DRO47,OUT017,0.2533479856295496
NCM29,OUT035,0.5097605430425255
FDK36,OUT018,-1.057217790033996
FDP03,OUT019,-1.193805629269831
NCO26,OUT018,-0.2418962126639192
NCI06,OUT046,0.186571242987487
FDT23,OUT027,-0.0221005329892888
FDW16,OUT018,-0.5714717533280742
NCU05,OUT010,-1.2566370746913078
FDC09,OUT013,-0.7628054826366877
FDS12,OUT049,-0.1419831138477788
NCI17,OUT049,-0.3763987571657375
FDJ28,OUT035,0.8528335671062347
FDB14,OUT046,-0.0919887920310238
DRL49,OUT013,-0.1322580229664474
NCS05,OUT018,-0.447102238373214
NCI30,OUT019,-1.2013831902656158
FDI14,OUT035,-0.4459589891331115
FDJ55,OUT027,3.307851784037321
FDY40,OUT019,-1.265270494132822
NCL41,OUT046,-1.024398091714572
FDO08,OUT010,-1.254478719830929
FDG08,OUT019,-1.2497303391380965
FDW33,OUT010,-1.2371755685445642
FDL39,OUT019,-1.1357818784123108
DRJ01,OUT027,0.1013998034588972
FDG32,OUT027,4.838557051017814
FDX26,OUT018,0.4562560163848079
FDP46,OUT018,-0.6878055443625914
FDE23,OUT017,-0.666111184891727
FDB60,OUT035,0.6556653316041177
FDO57,OUT017,0.2250421489895509
FDB33,OUT019,-1.0515933629553422
NCT54,OUT010,-1.233002295093248
FDY28,OUT035,1.4102261907924702
FDX26,OUT049,0.5100863732797817
NCP06,OUT010,-1.2631121392724434
FDW40,OUT045,-0.1009348174436956
DRK23,OUT049,1.5915279990642717
FDH08,OUT017,0.4836076317024814
FDS22,OUT035,-0.9599567994666895
FDE09,OUT045,-0.7161850176525103
FDM14,OUT018,-0.5640578586678093
FDX03,OUT018,-1.0982807191198751
FDG28,OUT018,0.5109853811696863
FDA03,OUT049,1.0022971221809185
DRO35,OUT027,0.5262373679617125
DRL23,OUT018,-0.5175390136880063
NCO43,OUT013,0.0167922929320568
FDR57,OUT049,-0.1738114761788413
NCJ29,OUT035,-0.5875470679739467
NCQ06,OUT046,0.4575283554213638
FDZ51,OUT010,-1.2376435519199762
FDY27,OUT045,-1.014037988384755
FDK36,OUT010,-1.2943296102863475
NCP06,OUT045,-0.2922822278951619
FDS09,OUT018,-0.9427811616559932
FDT32,OUT035,2.059459332794349
FDH17,OUT045,-0.663089488087197
DRH23,OUT027,-0.3388240604598665
FDX50,OUT010,-1.2894440685690622
FDE05,OUT046,0.6241533506425904
FDS44,OUT017,2.223062631211045
FDR55,OUT046,0.8456005593174328
FDT43,OUT017,-0.5193430543859835
DRI49,OUT017,-0.5596166179975036
FDG20,OUT049,0.0749902698138472
NCQ06,OUT035,1.78016821386136
NCC43,OUT017,-0.3846617110983597
NCR30,OUT017,-0.7476597753588995
FDQ24,OUT046,0.982908765573856
FDT45,OUT035,-0.9717342331213346
FDQ49,OUT046,-0.6510027008690771
NCM42,OUT017,-0.5115729768886205
FDY13,OUT018,-0.9639641556239716
NCE43,OUT013,0.2651650398982941
FDV26,OUT013,-0.0963055017517809
FDV08,OUT035,-0.9100385511487318
FDF53,OUT013,1.3295037190143115
NCO07,OUT013,0.6761985845834199
NCX41,OUT018,0.0116122412671482
FDS03,OUT018,-0.6074039326894297
FDT09,OUT035,-0.5918637776947038
NCO05,OUT035,-0.1050149020264263
FDT49,OUT046,-0.0488216948234521
DRC01,OUT027,-0.6902847593279673
FDP58,OUT018,0.3431355478212986
FDD57,OUT045,-0.5300892617132307
DRN59,OUT027,-0.5150263446652262
FDR33,OUT045,-0.5776186356162052
NCT41,OUT017,-0.2497218494887299
FDH04,OUT046,-0.5391999191014664
NCE18,OUT049,1.353650783769222
DRM11,OUT019,-1.0375873655861327
FDX55,OUT027,1.705005037604596
FDM12,OUT013,0.3376871370191042
FDX24,OUT018,-0.6801557482834332
NCZ29,OUT045,-0.2189000578212845
FDZ26,OUT010,-0.896191813008084
DRN11,OUT013,-0.0400404069108605
NCP55,OUT017,-0.7520137083347948
NCJ17,OUT046,-0.5389502684299673
NCE06,OUT013,0.2322413508248354
FDY48,OUT018,-0.0980321856400839
FDT52,OUT046,0.8628673982004615
FDA13,OUT010,-1.3045517265846462
FDM33,OUT035,0.7848518878304689
DRQ35,OUT049,-0.1567394378423812
FDR11,OUT049,0.6155199312010758
FDU21,OUT046,-1.0099862744628547
NCN14,OUT046,-0.1696895670046528
FDN25,OUT045,-0.9758919994898836
FDS40,OUT046,-1.0008293962909869
FDJ60,OUT046,0.779986571561924
FDA03,OUT035,-0.0375982495494835
FDW38,OUT019,-1.291170752457365
FDW57,OUT035,0.4206342816983354
FDW45,OUT049,-0.7887057409612306
FDV36,OUT010,-1.279083965239245
FDJ08,OUT018,0.9928003607952524
FDN60,OUT035,0.4881769944387396
FDL15,OUT010,-1.1675462330243938
FDH34,OUT019,-1.2406652487245062
FDP56,OUT049,-0.9458339747967917
NCA05,OUT017,-1.0723135696149766
DRJ11,OUT045,0.6004114471784259
FDM13,OUT046,-0.3481996710891046
FDS16,OUT045,1.2030241241961264
FDY07,OUT018,-0.6164690231030197
FDK16,OUT019,-1.231828454160622
FDU43,OUT035,1.2248219310273198
FDD36,OUT046,-0.1233467679413153
NCG30,OUT018,-0.2754477598300454
FDD28,OUT046,-0.7533087212510219
FDQ01,OUT046,0.7910198602209759
FDK45,OUT035,-0.7006448626577845
FDF32,OUT017,0.7341435433986438
FDE14,OUT027,0.3853331999376537
FDM39,OUT049,0.9612883798337252
NCB55,OUT018,-0.823239418727288
FDF34,OUT035,0.3165235272195405
DRK39,OUT049,-0.443800634272733
NCN55,OUT010,-1.0321244736099136
FDC16,OUT018,-0.7999291862351994
DRG11,OUT027,0.1567658240327202
FDS15,OUT046,0.5270273819255539
NCU18,OUT017,0.377669225587356
DRF15,OUT045,0.0022757618517184
FDU36,OUT027,0.5555176660825514
NCH43,OUT010,-1.0464532449526271
DRG13,OUT010,-1.1318297668792587
FDK15,OUT049,-0.396316827344404
FDR02,OUT049,-0.4960328218938946
NCG06,OUT035,0.3055018227285726
FDX47,OUT035,0.1149177937701752
NCL19,OUT010,-1.1580496868581882
DRH03,OUT017,-0.5206820370859124
FDV08,OUT017,-0.9967966214466834
FDV15,OUT019,-1.1590794350021958
FDU39,OUT018,-0.8616581352420268
FDW57,OUT045,-0.0980321856400839
DRJ24,OUT010,-1.1210923894595326
FDZ23,OUT013,-0.2732906003028248
FDV01,OUT013,0.1163263825626324
FDZ22,OUT045,-0.9294304778579144
NCO06,OUT013,-1.162964473750877
FDH04,OUT018,-0.3043709102922764
FDA58,OUT018,0.445897431292965
FDU56,OUT045,0.3224913865820656
FDP51,OUT027,0.710706385004081
FDW24,OUT013,-1.0144696593568303
FDQ09,OUT046,-0.2390490685548842
FDM56,OUT046,-0.4560249377143661
DRI03,OUT010,-1.1189238804301058
FDW46,OUT049,-0.711684990502326
FDD40,OUT049,1.1339567686640115
FDF24,OUT046,-0.4679287536057145
NCU42,OUT018,1.3692174484452777
FDZ27,OUT019,-1.3287261270279525
FDZ20,OUT013,3.091152956055312
NCS54,OUT010,-1.1323158347335012
DRL23,OUT046,-0.4810698942795622
FDW56,OUT017,0.3854393030847188
FDC32,OUT049,-0.5711993017620238
FDC51,OUT046,-0.1547036924835648
FDQ32,OUT013,-0.1053941393934447
FDZ10,OUT035,-0.1064653481964462
FDC21,OUT019,-1.2203767130369474
NCO41,OUT010,-1.233326842199219
FDP25,OUT046,-0.2283968192069503
FDT08,OUT046,0.1417783462720916
DRJ51,OUT046,0.6713570024002157
FDN09,OUT046,0.7579592139841415
FDV52,OUT035,0.2679503624427387
FDT19,OUT017,0.6779348656281315
NCO30,OUT046,-0.1623533835099856
DRI59,OUT046,0.6745188662408272
FDC56,OUT027,0.7970402474981659
NCG43,OUT045,-0.1010538824446138
FDX52,OUT035,0.8922210243016104
NCS53,OUT018,-0.016913537610043
FDN56,OUT013,0.1376601651132575
NCG43,OUT027,-0.1610561475631385
FDZ33,OUT018,-0.498622847726349
FDU20,OUT045,0.4359448068175776
NCT06,OUT035,1.7559946394251196
FDV49,OUT045,2.40911282017568
FDT60,OUT010,-1.2002002128285134
DRB01,OUT013,0.2382395016068996
FDY40,OUT046,-0.8500030189959825
FDR58,OUT027,0.4989687687406325
FDS08,OUT017,-0.0547018132634684
FDY37,OUT017,0.1024369401312417
FDJ40,OUT017,-0.2971757626517213
FDH20,OUT035,0.0785212419388844
NCA18,OUT018,-0.4828656156123482
FDZ47,OUT027,0.7614247197626683
NCD55,OUT046,-1.0012703402251164
FDS45,OUT046,-0.0117679276823285
FDJ07,OUT027,-0.303507568348125
FDA32,OUT027,2.2474743278831566
FDL38,OUT010,-1.245413629417339
DRJ39,OUT013,-0.6510027008690771
FDL10,OUT017,-0.5249547770229677
NCG55,OUT046,-0.2235389027600827
FDT45,OUT017,-0.9539305011839952
NCX41,OUT049,0.2861549795073039
FDV10,OUT049,-0.9245205721512186
FDE32,OUT018,-1.1888647320754202
FDL12,OUT045,-0.8623437230475749
FDA38,OUT046,0.865260885984565
NCP41,OUT019,-0.9415172650760344
FDJ58,OUT017,0.5322074335904627
FDB34,OUT035,-0.9652591685401988
FDD34,OUT017,-0.1977481801895745
NCJ06,OUT035,-0.5111413059165448
DRB48,OUT018,-1.157297380332918
FDM02,OUT035,-0.9652591685401988
FDT59,OUT010,-0.9872791067160652
DRE15,OUT018,-0.376891633600997
FDG32,OUT049,0.3875904546198918
FDH47,OUT046,0.2775215600657897
FDE45,OUT013,1.6580053287639318
FDG29,OUT017,-1.2251250937297802
FDS03,OUT045,-0.7104270202470383
FDM21,OUT018,0.5171576656018079
FDO10,OUT017,-0.7671221923574447
DRD25,OUT027,0.4001161161352932
NCL19,OUT046,-1.175482931941073
FDF02,OUT045,-0.451580139584299
FDF53,OUT046,0.9785552187167538
FDP11,OUT046,1.320870299572797
FDB38,OUT046,-0.2214900836537388
FDE33,OUT010,-1.259227100523762
FDZ38,OUT045,0.7472222027378717
DRF51,OUT027,-0.8236418676923448
NCM06,OUT027,0.7419995260192609
FDR31,OUT010,-1.1847025887393894
FDC38,OUT018,-0.4256321972983795
FDC48,OUT046,0.2982417667254241
DRI39,OUT045,-0.7760540066016524
FDY14,OUT018,1.158685617044046
FDW32,OUT013,-0.5815036743648866
FDB08,OUT019,-1.1623803586381145
FDA33,OUT017,0.1721938428793149
NCT17,OUT027,2.54811087318406
FDG38,OUT010,-1.2505936810822476
NCW30,OUT017,1.493538688403084
NCK29,OUT019,-1.1215240604316083
FDO08,OUT049,0.0882081048069853
FDH60,OUT017,0.2943567279767425
FDQ27,OUT018,-0.2905574391858535
FDE24,OUT010,-1.1763462738852244
FDA38,OUT017,0.1028160081215561
FDK08,OUT046,-0.8361895478895596
FDV12,OUT046,-0.3070913759953613
NCY29,OUT046,-0.5905687647784766
FDN25,OUT049,-1.1383592283425612
FDX47,OUT046,0.2688881406242755
FDL52,OUT010,-1.3118909591169994
FDD53,OUT019,-1.333906178692861
FDC15,OUT049,0.7782598876736212
FDK27,OUT046,-0.2348995789599951
FDS19,OUT017,-0.2784706519677335
NCT18,OUT018,0.236608000274985
NCG55,OUT045,-0.1953345053652127
FDX38,OUT018,-1.0192180400496635
FDX37,OUT027,1.941181486445602
NCU18,OUT013,1.2012974403078236
DRJ23,OUT013,1.0907896714564402
FDS20,OUT046,0.5002198171774755
FDX37,OUT013,-0.4545924085746258
FDN13,OUT035,-0.2844917858473424
FDP21,OUT013,0.2825886154113186
NCK30,OUT046,0.9512086356645416
FDY26,OUT035,0.9725118251076936
FDA14,OUT049,-0.1265224697970811
NCD43,OUT018,-0.5469664447396277
FDT10,OUT045,-0.823239418727288
FDT09,OUT049,-0.2499803678107361
FDI38,OUT010,-0.9583524329869872
FDS21,OUT017,-0.8361246191305309
FDV37,OUT027,2.356880632554517
NCI43,OUT013,-0.9881377300602115
DRC13,OUT013,-0.3922988676466422
FDZ47,OUT013,-0.3503241785155639
FDV39,OUT017,0.3055801732507113
NCA17,OUT046,0.3793959094756589
DRC25,OUT010,-1.2497303391380965
FDK21,OUT045,-0.8741765934322226
FDT24,OUT013,0.0910397001290801
NCD42,OUT013,-0.868996541767314
FDE36,OUT045,1.3998660874626532
NCT53,OUT013,0.1755039754132093
DRJ49,OUT035,0.481270258885528
FDS50,OUT045,2.088812958895497
FDB44,OUT017,0.4178146259903978
DRK23,OUT017,3.231877692951995
FDO46,OUT017,1.458573339664951
FDC10,OUT035,-0.814174328313698
FDQ26,OUT035,-0.3237961040356837
FDU25,OUT045,-0.8353262059454082
FDZ51,OUT027,0.0586643772234014
FDY02,OUT010,-0.5085512800840906
NCW17,OUT017,-0.1806780346231065
DRG23,OUT027,0.2205409917517951
FDD35,OUT018,-0.3835159126669565
FDT02,OUT017,-1.017923027133436
FDK40,OUT010,-1.0200813819938148
NCD18,OUT017,0.2818382697865468
FDJ33,OUT013,-0.0769224162298085
FDT55,OUT049,0.5827129373233215
DRF03,OUT017,-1.0543515053288046
FDB04,OUT010,-1.2430071509985117
NCL42,OUT046,0.757333224419519
NCT53,OUT019,-0.9346105295228232
FDG59,OUT019,-1.3138501729985357
FDB34,OUT046,-0.55740414245234
FDD40,OUT045,-0.6125839843543383
FDX03,OUT049,-0.7153216757083589
NCY17,OUT027,-0.4373122517922986
FDN56,OUT019,-1.17375624805277
DRL49,OUT045,-1.083968685861021
NCN30,OUT049,-0.4614759687865495
FDL02,OUT035,-0.3256632049080989
FDM60,OUT027,-0.7283876524588501
FDI16,OUT018,-1.153899383337287
FDT34,OUT049,-0.0652251917623293
FDX07,OUT045,0.3008317925578784
FDJ03,OUT035,-0.908654164675506
NCO30,OUT010,-1.0200271131440086
FDW21,OUT035,-0.0574551142649665
FDP22,OUT027,-0.8957601420360085
FDU23,OUT017,0.438217874400756
FDC60,OUT019,-1.1888647320754202
FDS39,OUT027,1.8721141309134872
FDF46,OUT045,-0.5396315900735421
FDP12,OUT046,-0.9035302195333712
FDE23,OUT027,-0.6941650152769462
DRF49,OUT049,-0.6229440876841554
FDZ56,OUT018,-0.0445007420573983
FDH04,OUT017,-0.4804926668991689
FDL33,OUT045,0.5425675369202797
FDQ48,OUT035,-1.0438232854579792
FDQ25,OUT045,0.2616043848002711
FDH44,OUT049,-0.2163100319888301
NCN55,OUT013,0.774696033875373
FDD52,OUT027,-0.1502643732612456
NCM30,OUT017,-1.120229047515381
FDJ12,OUT027,2.0627153929132613
FDU19,OUT035,-0.2430736322575246
FDA51,OUT049,-0.3236196707361803
FDS14,OUT013,-0.3423579558349395
FDV59,OUT049,1.055045449451094
FDG12,OUT027,1.0610043743832158
DRH39,OUT018,-0.7433444972683672
FDA39,OUT049,-1.1318841637614254
FDW22,OUT013,0.7132467489722095
FDS34,OUT035,-0.3276811427843652
NCI42,OUT046,0.6655937639618591
NCN19,OUT027,1.200386958208287
FDM03,OUT013,-0.2277663658917089
FDU47,OUT045,0.1873023269019649
NCY05,OUT027,-0.6747446043332413
FDL43,OUT049,-1.013606317412679
FDM24,OUT017,-0.087240411338191
FDZ44,OUT035,-0.3734382658243911
FDT44,OUT027,0.7551753941167634
NCQ02,OUT013,0.4648667619466507
FDD53,OUT045,-1.0368420653259205
FDZ16,OUT035,1.402456113295108
FDI52,OUT046,-0.3781153725815772
DRM59,OUT035,-0.1096122841152311
FDP56,OUT018,-0.9777776267303948
FDJ58,OUT046,0.8663207659770673
FDX28,OUT017,-0.483508095205239
NCO29,OUT018,0.5581076919150056
FDM51,OUT046,-0.3313207588599647
FDI60,OUT018,-0.6229440876841554
FDW56,OUT013,0.4443086142669058
DRK35,OUT045,-0.7213650693174188
FDP13,OUT017,-0.9865395919050556
DRC24,OUT035,0.2528572004604496
FDL51,OUT013,0.5848712921836999
FDI45,OUT046,0.2283110692491581
FDN52,OUT035,-0.6503662019154652
FDK43,OUT013,0.0331957898709341
FDC26,OUT013,-0.2066715032323745
DRG23,OUT046,-0.1748696186695613
FDA21,OUT035,0.6789755640962063
NCS30,OUT010,-0.9423806070201858
FDB50,OUT046,-0.4014968790093127
FDZ50,OUT035,0.473789083283914
FDR27,OUT018,-0.1584661217306842
FDY02,OUT027,4.7772597729830615
FDN09,OUT035,2.904671096118601
FDN02,OUT027,2.129390030270615
FDF02,OUT018,-0.1567394378423812
FDI40,OUT045,0.0077272025184667
FDW55,OUT049,1.2768326838134303
NCV53,OUT018,1.1253233492224974
FDZ26,OUT019,-1.0348656262716978
NCO43,OUT010,-1.235194057536954
DRP35,OUT019,-1.2782206232950934
NCT54,OUT017,-0.9289988068858388
FDG52,OUT046,-0.8908486912210953
DRI13,OUT027,2.041902459692492
NCH06,OUT017,0.7152359257505666
FDJ38,OUT045,0.4580072235587621
DRK47,OUT018,0.7117825579739608
NCT53,OUT017,0.1316167715041975
FDS09,OUT013,-0.8942360084357984
FDR01,OUT027,2.640056790236188
FDF05,OUT035,1.3670590935848987
FDI44,OUT046,-0.7820209244202105
FDY45,OUT049,1.9368647767248448
FDG17,OUT019,-0.9834137295524992
FDS49,OUT019,-1.2420900970515851
FDC60,OUT035,-0.5756770146871674
NCN54,OUT035,-0.5599201257611008
FDP28,OUT010,-1.1918864288799502
FDW03,OUT027,0.040751794077068
FDO15,OUT019,-1.2173550162324174
NCU54,OUT049,3.262094660997295
NCN53,OUT013,-1.1094372732134885
FDL14,OUT027,1.1578129473491854
NCH54,OUT027,1.0217223159243254
FDN56,OUT010,-1.1312323700814746
FDW47,OUT018,-0.2801161597978059
NCX54,OUT027,0.8352404559876159
FDG52,OUT035,-1.0632484792013863
FDZ23,OUT019,-1.0692144152252432
FDB49,OUT018,-0.1472426764567156
FDA56,OUT045,-0.4921477831452132
FDZ12,OUT019,-1.268292190937352
FDT12,OUT027,1.7119642002733968
NCK53,OUT035,0.5684677952448229
FDE47,OUT027,0.5989959646302221
FDI19,OUT017,1.0421697073315932
FDU38,OUT018,0.237548151592006
FDF24,OUT049,-0.1399042699314284
NCH30,OUT027,-0.1135723406348096
NCH30,OUT035,0.5468842466410369
FDS24,OUT049,-1.1888647320754202
FDH45,OUT019,-1.2808106491275475
FDZ59,OUT017,0.1082445947695462
FDG16,OUT013,-0.6617944751709699
FDV07,OUT049,-0.9311571617462172
FDO04,OUT046,-0.6803563269702257
DRD24,OUT049,0.293925057004667
FDC38,OUT013,0.4428515423707893
NCT06,OUT017,0.4256402081122747
FDJ12,OUT035,1.0425135034728847
DRI51,OUT010,-1.1383592283425612
FDS34,OUT013,-0.3780632609992792
FDY27,OUT049,0.1974613379469115
FDU23,OUT049,0.779986571561924
NCF18,OUT045,0.7523596293490783
DRM48,OUT018,-1.1357297287390886
DRB25,OUT017,0.1678771331585578
FDY24,OUT027,-0.3747014429492419
FDS33,OUT018,-0.7295668177868575
NCP41,OUT010,-1.2212400549810989
FDZ02,OUT017,-0.980367652562849
FDI60,OUT027,-0.261465382677251
FDH56,OUT035,-0.8353262059454082
DRG11,OUT013,0.7368194743543524
FDB17,OUT035,0.5574175004285328
FDN52,OUT049,-0.5793680031563261
FDO37,OUT018,1.0355357870307484
DRM37,OUT027,3.111009820770795
FDD05,OUT035,0.0251813355846907
DRG37,OUT019,-1.1590794350021958
NCS05,OUT049,-0.7597837858321577
FDH08,OUT049,1.0546384280734074
FDD39,OUT027,1.4447598685585277
FDZ34,OUT017,0.518263150131277
NCK53,OUT017,0.1182349713698503
FDS28,OUT045,-1.0641118211455378
NCF55,OUT035,-0.89817438631481
DRM47,OUT013,0.4025977388358846
NCO02,OUT017,-0.7200700564011917
NCT41,OUT013,0.2136342561985837
FDO28,OUT035,-0.0328498688566506
FDC45,OUT018,-0.5845253711694166
FDX34,OUT027,1.2954017122203298
NCB07,OUT018,0.5302133261643486
NCS17,OUT017,-0.1964531672733472
NCB18,OUT045,-0.4425056213565058
NCH07,OUT035,1.1046031425628628
NCL05,OUT045,-0.86997657717571
NCX29,OUT049,1.0968330650655
FDK32,OUT019,-1.1534776343162088
DRK47,OUT049,1.6001614185057855
FDH02,OUT049,-0.7204675065532868
FDC59,OUT049,-0.4908527702289861
FDJ27,OUT035,-0.375102432196652
FDV12,OUT049,-0.2440191484178312
FDM51,OUT010,-1.2290101324784617
DRG51,OUT049,0.8779758822231118
DRH11,OUT049,-1.146129305839924
NCB31,OUT017,0.1734888557955419
NCU29,OUT013,0.1227563885292589
FDN46,OUT013,0.2343544628582181
FDO48,OUT045,-0.0712685853713894
FDV59,OUT027,2.040712567372561
DRH59,OUT045,-0.6678498133952536
NCM42,OUT046,-0.4409938986389601
FDH14,OUT017,0.5516326273338699
FDL22,OUT019,-1.240269483996731
FDI36,OUT027,1.6199456895022386
FDB12,OUT027,0.4484398664724456
DRF23,OUT018,-0.0039279137275775
FDP57,OUT017,-0.625102442544534
FDL22,OUT017,-0.9501506845175488
FDY20,OUT017,-0.6566144235060613
FDH12,OUT035,-0.3477548158988268
NCU29,OUT027,1.013088896482811
DRE03,OUT010,-1.3304528109162552
NCD55,OUT027,-1.17073455124824
NCJ19,OUT049,-0.6398332926215355
FDC57,OUT049,-0.0498698421013028
NCK17,OUT013,-1.153899383337287
FDR14,OUT049,-0.8580860398694993
NCM55,OUT027,1.4282701207637758
FDY02,OUT035,-0.1675312121442743
FDC22,OUT018,0.391482696693779
FDT43,OUT035,-1.1927497708241015
FDA20,OUT049,-0.3941584724840255
NCT54,OUT018,-0.4351672148312186
NCN07,OUT049,-0.1645095153397442
FDI33,OUT018,-0.6670309886782518
FDM38,OUT045,-0.8538518592684948
FDU11,OUT027,1.0610043743832158
FDW23,OUT027,-0.7335379322906622
NCR05,OUT013,-0.9751876008979404
NCG19,OUT017,0.5736336607991487
FDS03,OUT013,-0.7024179364199846
FDH27,OUT017,0.3172352894967556
NCS41,OUT017,0.4328056767476147
FDG04,OUT019,-1.1185023636270783
FDX44,OUT046,-0.5590695382950582
NCS17,OUT027,1.2746815055606957
NCO54,OUT013,-1.146129305839924
FDT34,OUT017,-0.4062452597021455
FDL39,OUT017,2.499332053339504
FDE51,OUT049,-1.0346472829903917
DRH15,OUT049,-0.8460629960927458
FDG58,OUT035,0.8611407143121588
FDD48,OUT018,-0.5443799707663749
NCE06,OUT017,-0.2862473680337693
NCB54,OUT019,-1.1918197805926425
FDF12,OUT013,0.6513486218833605
NCB31,OUT035,1.3670590935848987
FDM33,OUT046,1.4965603852076137
NCC55,OUT035,-0.8534563867725882
FDL13,OUT046,1.2513562391392006
NCU06,OUT046,0.8115925473277005
NCW41,OUT018,0.0546176984834475
FDY28,OUT017,0.8559606626472502
FDB20,OUT018,-0.686496898157735
FDO10,OUT049,-0.7892431234247065
FDV46,OUT018,0.3612657286484787
FDY39,OUT018,0.1877339978740408
DRD13,OUT045,-0.9466973167409428
FDN21,OUT013,1.0415791806398085
FDT09,OUT018,-0.34253573445089
FDD02,OUT049,-0.4390522535799001
FDM39,OUT027,4.096514650019656
FDC11,OUT046,-0.6091306165777325
FDR22,OUT018,-0.2732906003028248
FDQ34,OUT049,-0.5359215520689041
FDK34,OUT017,0.6478952541067549
FDL50,OUT018,-0.2309868450394046
FDM34,OUT049,-0.1778884791035752
FDD08,OUT018,-1.0658385050338408
FDF38,OUT018,-1.1214711823151258
FDI52,OUT035,-0.4079719435904485
FDE21,OUT019,-1.1936389444270623
FDV52,OUT045,-1.1318841637614254
FDF58,OUT045,-0.7697576765046187
FDE29,OUT035,-0.7986383042102729
FDT27,OUT046,1.677862193479415
FDT09,OUT013,0.2230124720698881
FDK21,OUT017,1.4211407486855752
FDF50,OUT017,0.3249396102302896
NCP41,OUT049,-0.3004364871359027
NCQ17,OUT017,0.2619814050710639
FDX46,OUT045,-0.9769142847862432
FDT15,OUT045,0.6183608739271853
NCH30,OUT018,-0.4804926668991689
NCR53,OUT019,-0.9233870842488544
DRN47,OUT013,1.3195752866565702
FDQ58,OUT035,0.4260163744598362
FDP11,OUT017,1.7443395231790753
FDO01,OUT049,-0.111413985774431
FDF24,OUT017,-0.4053819177579941
NCS18,OUT017,-0.303719198408838
FDU13,OUT013,0.8330821011272371
NCK17,OUT045,-1.024398091714572
FDC21,OUT035,-0.2339513937234936
FDU44,OUT035,-0.7291351468147818
FDF26,OUT027,1.2315144083531238
FDA09,OUT049,1.0864729617356828
NCK05,OUT019,-1.3213877205026652
FDE04,OUT017,0.610195642232092
DRG49,OUT035,1.1314876680951815
DRG01,OUT046,-0.8646798320465567
FDK43,OUT045,0.1972307592597064
FDK02,OUT019,-1.050298350039115
FDO39,OUT045,0.545157562752734
FDG04,OUT045,0.2157926110589621
FDF05,OUT049,0.8555289916751744
NCR42,OUT018,-1.1827107961666916
FDZ10,OUT049,0.3612657286484787
FDA28,OUT045,-0.2279666212973339
FDM38,OUT035,-0.8338539500032252
NCP02,OUT018,-0.9384955682715044
FDR04,OUT045,-0.1006222114725381
NCP54,OUT013,-0.217513282064219
NCP17,OUT045,-0.7965069566601009
FDD52,OUT013,-0.0078129524762591
FDY21,OUT049,1.1804302029230898
NCO26,OUT046,-0.0842187145336608
FDU01,OUT046,1.8790208664666992
FDT01,OUT046,-0.5348832093807092
FDX58,OUT045,1.3692174484452777
FDK08,OUT018,-0.6393475846230326
FDZ36,OUT046,2.3858025876835907
FDY52,OUT010,-1.2830052563695042
FDU59,OUT049,0.9561083281688164
FDQ13,OUT018,-0.833030190574037
FDE39,OUT017,-0.1515155955514885
DRL01,OUT027,4.093492953215127
FDZ31,OUT013,0.833970061369818
FDT08,OUT018,-0.0952731643358275
FDT25,OUT049,-0.4079719435904485
FDX58,OUT010,-1.004972897971165
FDR58,OUT046,0.1989574431480092
NCH07,OUT019,-1.15562606722559
FDR37,OUT013,0.6496219379950577
DRF23,OUT049,-0.3432212977790909
DRI59,OUT018,1.1478254292765937
FDM01,OUT027,1.032082419254143
FDX49,OUT013,1.6605953545963863
FDP15,OUT013,1.86005254433619
DRJ49,OUT045,-0.5236597641067405
DRM23,OUT013,0.5395458401157499
FDX26,OUT045,0.5313440916463112
DRG03,OUT035,0.351001592745522
FDR52,OUT013,-0.1222057600763239
DRK11,OUT018,-0.6842413657189071
NCU30,OUT013,0.1294471810031128
FDS31,OUT045,0.627606718419196
NCL53,OUT035,1.5095105143698853
FDH21,OUT027,2.3374554388111104
DRA24,OUT010,-1.1487193316723785
DRH11,OUT046,-0.9335821406992318
FDO56,OUT027,0.6752252905642192
NCD55,OUT035,-0.9756800024075052
NCJ18,OUT013,1.1745338400391292
FDG52,OUT013,-0.9441072909084888
FDX60,OUT035,-0.5542792067235367
DRD60,OUT019,-1.2432552745569605
FDT22,OUT013,-0.7402160463125476
NCD31,OUT049,0.9845986123258136
FDS33,OUT010,-1.2688058568058918
FDJ60,OUT045,0.3517689672628131
FDS58,OUT019,-1.1351566200570034
DRI23,OUT013,0.3617349234430456
FDC37,OUT046,-0.2446809273736941
FDB05,OUT046,-0.7187750434849646
FDQ44,OUT049,-0.1834691526362407
FDR12,OUT010,-1.1662899723018971
FDZ02,OUT027,-0.7265451209823274
FDI38,OUT013,0.9878430703559964
FDI21,OUT017,-0.7300643270236701
FDW24,OUT035,-1.1720295641644671
DRE27,OUT013,-0.8534563867725882
DRJ35,OUT027,-0.3849239802702434
FDR15,OUT046,0.1475885974709989
NCO55,OUT017,-0.3564770200390352
FDB39,OUT049,-0.9259771100813086
FDT40,OUT018,0.9474749087273024
FDJ12,OUT045,1.332525415818841
FDJ56,OUT017,0.7756698618411669
NCZ42,OUT010,-0.9000768517567657
DRA12,OUT045,1.121438310473816
FDG47,OUT045,1.05606028088694
FDC21,OUT046,-0.2769877289907126
FDA56,OUT013,-0.0181730558060761
FDI02,OUT018,-0.8504346899680582
FDP51,OUT019,-0.9769142847862432
FDN08,OUT013,-0.1465133957027024
FDX37,OUT018,-0.5521068351036514
FDI28,OUT018,-1.001519530194559
FDD39,OUT017,0.0418292093124483
FDF11,OUT017,1.2880633056950426
FDC03,OUT046,0.746243712159835
NCL54,OUT013,0.5543686673192415
FDU22,OUT018,-0.3014545110198601
FDK38,OUT019,-1.1625247627331523
FDQ13,OUT049,-0.3276811427843652
FDK25,OUT035,1.478430204380434
FDH10,OUT046,0.1387887724894172
FDV21,OUT018,-0.3060975941805792
NCW30,OUT027,2.7728235823629803
DRF23,OUT046,-0.5694168871467666
FDM09,OUT027,1.331561105624168
NCD31,OUT046,0.2026313343935927
FDK57,OUT049,-0.1511243535048594
FDU36,OUT046,0.1721938428793149
FDS35,OUT013,-0.0630668369019507
NCR29,OUT046,-0.8057396374246224
FDW20,OUT045,-0.4708396661111879
FDA08,OUT046,-0.5081196091120148
FDC53,OUT010,-1.297214146066425
NCZ30,OUT045,0.2015474689804635
FDR55,OUT049,0.5157389440558228
FDW47,OUT017,-0.1582499259596348
FDT44,OUT046,-0.4270072752373295
NCV17,OUT049,0.5947997245414415
FDD23,OUT018,0.3370921542122386
NCH55,OUT049,0.6073181827316372
FDY34,OUT045,0.5736478469097315
NCO06,OUT027,-1.0749035954474309
FDU59,OUT017,-0.3591378158368983
FDG41,OUT018,-0.3578981108296654
FDV56,OUT017,-0.2430574280655693
FDH52,OUT018,-0.88079995382789
DRI01,OUT013,-0.0194680687223034
FDM39,OUT018,0.1484519394151504
FDW58,OUT035,-0.2629304969730076
DRI13,OUT046,-0.2353035547601617
FDX28,OUT027,0.6971057449233864
FDY58,OUT018,-0.6207857328237769
FDW01,OUT046,0.2153618054786569
FDA13,OUT018,-1.164259486667104
FDX48,OUT049,0.0175975581543798
FDG24,OUT035,-0.4977595057821976
FDU23,OUT013,0.6729321704871464
FDE39,OUT018,-0.3204881640451106
FDS08,OUT049,-0.2069723395855765
DRG37,OUT027,1.2316063646296458
FDQ46,OUT046,-0.9259771100813086
NCH18,OUT049,0.2317644370257638
FDV57,OUT035,0.4602907198110124
FDJ07,OUT018,-0.1524227281216241
FDD03,OUT018,1.3584256741433844
FDJ38,OUT035,0.6073181827316372
FDC03,OUT018,0.1781842184272751
FDT20,OUT013,-0.7602154568042334
DRC12,OUT045,0.3814864831883903
NCO06,OUT049,-1.0800778957906183
NCB55,OUT049,-0.7300806233208698
FDU24,OUT035,-0.3567219562551567
NCE55,OUT045,0.0116122412671482
FDL57,OUT013,2.156153630539309
FDR40,OUT019,-1.2275961075920094
NCW54,OUT046,-0.6928747851604216
FDL02,OUT046,1.0411475096677327
FDF04,OUT013,0.8162469332162843
FDF14,OUT049,0.4260163744598362
NCM54,OUT049,-0.0126385061066994
FDP22,OUT013,-0.9430534536386124
FDB28,OUT049,0.4539419925853909
FDN50,OUT027,0.3310487606031787
FDY12,OUT013,-0.9346105295228232
FDX39,OUT046,1.1020131167304086
DRF27,OUT027,-0.666111184891727
FDV33,OUT018,0.1462935845547717
DRJ25,OUT017,-0.6902847593279673
FDP40,OUT045,-0.28455125484306
NCB43,OUT010,-1.0870790926403364
FDV24,OUT017,-0.1055954130792535
FDL13,OUT013,-0.4545924085746258
FDU47,OUT049,-0.1672925363633774
FDC02,OUT049,0.7859089138134838
NCN26,OUT046,0.0064321896022394
FDS55,OUT010,-1.1876834620220296
NCG18,OUT045,-0.3751091215438016
FDE35,OUT017,-0.958373077816593
DRM59,OUT017,0.932366424704652
NCL54,OUT035,0.4667571660245505
FDU04,OUT049,0.534797459422917
FDM52,OUT035,0.1721938428793149
NCA29,OUT045,0.5072741191927647
FDP48,OUT019,-1.0174026986574267
DRJ35,OUT049,-0.686689714435629
FDO01,OUT019,-1.1965672219213257
FDU38,OUT013,0.2550746695178525
FDH19,OUT018,0.7795549005898484
FDD05,OUT049,-0.2672472066937649
DRF25,OUT027,-0.5301348286878763
FDO51,OUT010,-1.2927372667079262
DRG13,OUT013,1.0912213424285158
NCP29,OUT013,-0.7394952501445989
FDM51,OUT013,-0.0401882753819378
DRH23,OUT046,-0.6753776777808741
FDC59,OUT017,-0.283650703632642
FDN09,OUT045,-0.887126722594494
FDP34,OUT049,0.3634240835088574
FDE10,OUT045,-0.2555920904477204
NCQ38,OUT045,-0.6704278946124843
FDD28,OUT013,-0.9250561652668744
FDK04,OUT046,-0.8413695995544681
FDW39,OUT035,-0.5603517967331765
FDM02,OUT027,0.174124653959962
FDR09,OUT018,0.4860186395783609
NCR29,OUT035,-0.8841050257899642
NCW54,OUT027,-0.2167424482043618
FDI28,OUT046,-0.7446753018095075
FDO23,OUT045,0.0487359448656599
DRE03,OUT046,-1.2078582548467518
FDC22,OUT013,0.391482696693779
FDF47,OUT045,0.2973227778591532
NCO43,OUT049,-0.3895999711749391
FDK46,OUT027,2.710214928859205
NCM31,OUT049,-0.1087416966857814
FDE56,OUT027,0.1242783649789103
NCJ43,OUT049,0.3189574614948321
FDD14,OUT010,-0.9780141775631046
FDF40,OUT018,0.5702643935723747
DRL11,OUT045,1.2988550799969356
NCA17,OUT017,1.249644589180304
FDO20,OUT010,-1.0033173174698282
DRG51,OUT010,-0.9346105295228232
FDF17,OUT017,1.0584143485507616
DRJ13,OUT046,0.2522865805744309
FDL26,OUT049,1.164173736709312
FDV03,OUT017,-0.0519977913621194
FDX14,OUT046,-0.7757556117989592
FDW10,OUT035,0.512288903998103
FDF09,OUT010,-1.3268316417201316
FDF14,OUT018,-0.1519941380149197
NCU29,OUT010,-1.129592735230526
FDU48,OUT010,-1.1901597449916472
FDX43,OUT035,-0.1740062767254099
FDQ55,OUT046,0.1070732412693663
FDZ59,OUT049,1.1210066395017402
FDY08,OUT018,0.0445013117285341
FDY03,OUT046,-0.6315775071256697
FDA35,OUT049,-0.0902621081427209
DRD27,OUT049,0.1182349713698503
FDZ38,OUT027,1.992982003094688
FDI44,OUT045,-0.6928095833039764
FDK41,OUT013,-0.8085626056767136
FDZ26,OUT018,0.9634467346941036
FDU38,OUT019,-0.9881377300602115
NCW17,OUT035,0.8050234879423155
FDP01,OUT010,-0.8668381869069355
FDS37,OUT013,-0.9104369550865828
NCI55,OUT035,0.1398185199736362
FDW19,OUT013,-0.339760562759682
FDX46,OUT018,-0.8627048095808547
FDF52,OUT019,-1.1245457572361384
NCL17,OUT046,0.6712054865988435
DRD60,OUT027,1.5189643015657317
DRE37,OUT045,0.4940609907401228
FDB23,OUT013,1.5656277407397283
FDV35,OUT035,0.4493266069519251
FDU50,OUT046,-0.2773182550587559
FDP31,OUT013,-0.8780181139855358
DRM37,OUT035,1.705489135692261
FDI35,OUT045,0.7397517212844258
FDN51,OUT018,1.150599955662421
FDN45,OUT010,-0.9942944283670732
FDD40,OUT046,0.6349451249444833
NCQ29,OUT035,1.1486100818764593
FDA50,OUT018,-0.5242994183402966
FDO09,OUT017,0.6519423874377517
NCW29,OUT035,0.0131270903214249
NCH43,OUT017,-0.102348895360841
NCT29,OUT035,-0.0630679686393428
FDW01,OUT049,0.1365009343447596
FDX22,OUT017,0.9516838713711804
NCQ05,OUT035,0.3949360644703847
FDJ33,OUT018,0.5555176660825514
FDA08,OUT049,0.0606352893720346
DRI11,OUT045,-0.315594355566245
DRY23,OUT018,-1.1029593651476763
DRK37,OUT035,1.0018594685381452
FDV46,OUT045,-0.0849073354581042
FDE59,OUT010,-1.2445502874731875
NCA53,OUT017,-1.14051758320294
FDP52,OUT035,0.7238693451920808
FDX36,OUT019,-1.0692918728104466
DRA59,OUT019,-1.0010878592224832
FDY10,OUT013,-0.2970390046613015
FDN58,OUT049,1.0424425225839598
DRH51,OUT018,-0.5938392663776857
FDI07,OUT017,0.5619927306636872
NCJ19,OUT017,-0.8211957749958488
NCN05,OUT045,0.5382508271995227
FDA14,OUT017,0.2317767116324759
FDB20,OUT010,-1.2645605695642672
FDN15,OUT035,-0.0213074612789554
DRK47,OUT027,1.6972161611703025
DRO47,OUT045,-0.3981895941379402
FDW20,OUT027,0.2360811467465209
FDY43,OUT017,0.1421074074417874
FDS51,OUT049,-0.8793566450971312
FDG45,OUT035,2.7699897528309787
FDW03,OUT010,-1.2194000397191298
FDQ15,OUT027,-0.1498327022891699
FDW27,OUT019,-1.260522113439989
FDL33,OUT049,0.6446882898887227
FDN08,OUT010,-1.2846956878762292
FDQ49,OUT013,0.059096048195477
FDU50,OUT035,-0.467915819863654
FDP44,OUT010,-1.2946241202339706
FDS31,OUT046,0.1596753846891191
FDS20,OUT049,1.8324004014825213
NCM53,OUT045,-0.8776299612088284
FDV22,OUT010,-1.1582160930580443
FDQ22,OUT035,-1.1082506071433968
FDY15,OUT046,-0.09078167730276
FDY22,OUT010,-1.154596585885946
FDJ52,OUT035,0.7195526354713236
FDL20,OUT018,-0.2076766125473159
FDL22,OUT045,-1.008857936719846
FDX09,OUT018,-0.6747446043332413
FDE33,OUT049,-0.3932951305398741
FDI08,OUT046,0.0919030420732316
FDF59,OUT027,0.4767175091254507
NCI30,OUT045,-0.0833553725895094
FDR52,OUT035,1.240579498766714
FDS57,OUT049,-0.43300885997084
FDF20,OUT035,0.5985974274358878
DRF60,OUT017,2.038739126134714
NCV53,OUT013,2.213134198853304
NCO26,OUT035,-0.0842187145336608
FDO13,OUT027,1.235347824315937
NCK17,OUT049,-0.5840937001973409
NCE43,OUT045,0.1586734698971608
DRM35,OUT049,0.4539048791988629
NCL19,OUT017,-0.164109631772984
FDL36,OUT045,-0.3121409877896393
FDY13,OUT035,0.0785212419388844
FDM12,OUT049,0.4650774357000468
NCC18,OUT018,0.5395458401157499
DRH13,OUT046,-0.7394952501445989
NCI31,OUT049,-0.8625214771861782
FDC58,OUT035,-0.9622374717356688
DRK23,OUT013,3.723982601118312
NCR29,OUT045,-0.957489091042836
FDZ12,OUT045,-0.1526121885262518
NCA17,OUT010,-1.14028463011145
FDU55,OUT013,2.4702971007736534
FDO24,OUT035,-0.1282491536853841
FDX57,OUT017,-0.4157420210878113
FDF08,OUT027,0.2480043634560512
FDM51,OUT017,-0.7006448626577845
DRD25,OUT019,-1.0675651889221436
FDO12,OUT049,0.4156562711300191
FDM44,OUT010,-1.0934654472466867
FDH09,OUT013,-0.9849512864763909
NCS06,OUT018,0.5145089237353582
NCF42,OUT018,-0.5633734935377065
FDI41,OUT049,0.1860424436678059
FDY57,OUT013,-0.7394952501445989
FDQ39,OUT010,-1.2372118809479005
NCC54,OUT013,1.607931496003149
FDJ26,OUT017,1.5782322724538
FDL15,OUT049,-0.1748696186695613
FDX15,OUT049,0.5114872269308283
FDL33,OUT035,0.1618337395494976
NCL18,OUT019,-0.9829576783953032
FDK33,OUT019,-1.2229667388694017
FDJ16,OUT049,-0.7977708313748206
FDI33,OUT013,0.2356494757744451
DRF23,OUT035,0.3353654703239358
NCX53,OUT017,-0.0531694861278013
FDT11,OUT035,1.0735228325734114
FDV25,OUT027,2.243783158109639
DRL23,OUT013,-0.3186160523707751
DRN36,OUT046,-1.050298350039115
FDP09,OUT010,-1.0612599530123763
FDV38,OUT013,-1.2549103908030048
FDR33,OUT049,-0.0078129524762591
FDZ27,OUT045,-0.8107209605370922
FDL26,OUT045,0.0238922026418848
DRJ01,OUT017,-0.1520656003900692
NCX05,OUT045,-0.3846617110983597
FDA02,OUT049,-0.5180480414697564
FDQ26,OUT049,-0.9000768517567657
NCZ29,OUT018,-0.2892863495152981
FDV04,OUT018,-0.064865529406909
DRK59,OUT019,-1.024985077743546
NCQ29,OUT010,-0.9267006316126792
NCN07,OUT035,-0.5063929252237118
FDV46,OUT049,0.9051711534638818
FDU55,OUT027,4.715099153004159
FDT37,OUT019,-1.030441485323632
FDH27,OUT018,-0.1489693603450184
FDO15,OUT010,-1.2587125945605957
FDV39,OUT046,0.1773738945442234
NCT05,OUT027,2.6227988496136208
NCG55,OUT017,0.7178259515830209
FDR48,OUT046,-0.1409722354217652
FDM08,OUT046,1.6847689290326262
FDV11,OUT010,-0.7934541216540635
FDN15,OUT046,-0.0938398876760728
DRF15,OUT018,-0.070405243427238
FDH24,OUT045,0.0261953018250378
FDY39,OUT049,1.6174282573888148
DRC25,OUT045,-0.0246481203872119
FDD51,OUT018,-1.0642983531250163
FDS27,OUT018,-0.0692815853830063
FDM02,OUT046,-0.286672400437172
FDH34,OUT049,2.1315483851309933
NCL41,OUT017,-1.024398091714572
NCA54,OUT035,0.3907655552784735
FDF28,OUT035,-0.1007491973260211
FDM46,OUT027,0.9958220575997824
DRJ37,OUT018,-0.0818152818657847
FDL22,OUT013,0.1065798551238057
FDG16,OUT027,1.8015761449892167
NCO30,OUT045,0.0685928095811429
FDY21,OUT027,2.0771578426494526
NCS05,OUT019,-1.1600706548294133
FDI08,OUT013,1.0936043999271674
FDK52,OUT019,-1.072137527198017
DRB48,OUT013,-0.9281354649416872
FDX57,OUT013,0.4035694839118989
FDW25,OUT027,-0.4217854146968714
FDX15,OUT035,0.6155199312010758
FDC11,OUT018,-0.4355988858032943
NCN54,OUT017,-0.5098462930003177
NCF42,OUT013,0.5762378727421857
FDJ21,OUT046,-0.2266701353186473
NCT17,OUT046,2.425947988086632
FDE36,OUT027,2.1432035013770374
FDV07,OUT035,-0.2728279891001763
NCL31,OUT045,0.2166559530031135
FDC20,OUT010,-1.2798925336187084
DRF01,OUT049,0.2460095791042624
FDZ58,OUT045,-0.3428484916202065
FDK50,OUT027,1.217585356555053
FDC57,OUT018,-0.3596247947179682
FDX57,OUT049,-0.3345786514266754
FDA28,OUT049,-0.1731595214099797
FDT32,OUT017,0.4713418265277865
FDW43,OUT045,0.4015480170551602
NCJ19,OUT035,-0.7790844529360064
NCR18,OUT049,-0.8085626056767136
FDE57,OUT017,-0.1658045282559713
FDJ21,OUT013,2.2312643796804834
FDF28,OUT019,-1.189970930123649
FDQ37,OUT045,1.188705258938162
NCD30,OUT046,-0.4442822405828133
FDL32,OUT018,-0.5583393069715467
FDB27,OUT045,-0.3389045880583338
FDT15,OUT017,0.4152890805470526
NCY29,OUT019,-1.2877173846807592
FDI60,OUT010,-1.279083965239245
FDS20,OUT045,-0.5331565254924063
FDB46,OUT013,0.6988785175506754
FDG53,OUT013,-0.4545924085746258
FDF58,OUT027,-0.5819353453369623
DRK01,OUT017,-0.3190477233428508
FDU28,OUT035,0.8103032873842339
FDP59,OUT046,0.1203933262302287
FDY24,OUT013,-0.9415172650760344
NCO18,OUT010,-1.0685431702528985
FDZ52,OUT035,-0.5681218742305395
FDV58,OUT049,-0.3458113236115452
FDI34,OUT018,0.729912738801141
FDU03,OUT049,0.3555301069439027
FDJ38,OUT019,-1.030330996950642
FDD20,OUT019,-1.1808784818122071
FDN46,OUT010,-1.217686233962689
FDY02,OUT017,1.7080791615247148
FDJ32,OUT013,-0.9242504261930056
FDQ59,OUT027,0.5969580794018201
FDP49,OUT046,-0.3578981108296654
FDP07,OUT010,-1.1457127216882197
FDZ40,OUT049,-0.4869677314803047
NCR50,OUT045,0.181181023665417
DRK59,OUT045,0.4622767361141964
FDL24,OUT046,0.5809054144842071
FDT22,OUT018,-0.4675425377368974
FDZ25,OUT049,0.3532070403922931
NCJ17,OUT013,-0.532293183548255
FDM34,OUT046,-0.085513727449888
FDX47,OUT017,-0.3423579558349395
FDW16,OUT027,1.1408635042172233
FDR01,OUT046,1.1252588325144195
NCA17,OUT035,0.0559960031926836
FDR26,OUT046,-0.3276811427843652
DRE12,OUT035,-0.847412993163528
FDF47,OUT049,0.9664684314986336
FDZ13,OUT017,-0.972597575065486
FDW19,OUT018,-0.2214900836537388
FDP46,OUT013,0.3288904057428
FDG40,OUT010,-1.317071010781908
FDX22,OUT046,2.458323310992311
FDW55,OUT045,0.7346620899214003
FDP04,OUT019,-1.2656780825645535
NCV06,OUT045,-0.481787679815396
FDP38,OUT045,-0.9519265028799648
FDO46,OUT010,-1.111831665183932
FDL48,OUT046,-1.14051758320294
FDV12,OUT035,0.4916303622153453
NCE54,OUT045,-0.3855250530425111
FDB37,OUT045,0.7288946687758824
FDF11,OUT013,0.5101602461297019
FDC29,OUT027,-0.1731429347812585
DRH37,OUT017,0.6647304220177077
NCE43,OUT010,-1.2505936810822476
FDZ46,OUT018,-0.6445276362879412
FDE24,OUT017,0.7635830746230468
NCV05,OUT010,-1.0606584533689325
FDB37,OUT049,1.2880633056950426
FDP57,OUT045,-0.8927384452314784
NCQ42,OUT049,0.5352291303949925
FDK48,OUT027,0.4437148843149407
FDX21,OUT046,-0.0868087403661151
FDQ32,OUT019,-1.120229047515381
FDX50,OUT035,-0.5728702549233723
FDN04,OUT027,1.0683427809085029
FDB20,OUT019,-1.2600372870626249
DRH15,OUT018,-0.8482763351076795
DRN47,OUT027,0.6202683118939089
FDF41,OUT027,3.749882859442856
NCP50,OUT046,-0.5253864479950434
FDI16,OUT045,-0.8601675119900338
FDR08,OUT049,-1.2169233452603418
DRF60,OUT045,1.420586294122288
FDD16,OUT018,-0.7646149817474879
FDI38,OUT045,0.1156449455373958
FDV07,OUT018,0.4303330841805936
NCR29,OUT027,0.2900400182559854
NCM17,OUT046,-1.129725808901047
FDN44,OUT018,0.0071223326018739
NCK18,OUT049,0.5658777694123684
FDX23,OUT045,-0.7414114724070063
FDQ52,OUT010,-1.0005955062496448
FDE38,OUT019,-1.10495234096826
FDN16,OUT013,-0.0898304371706452
FDB53,OUT046,-0.0559369402602529
FDD08,OUT017,-0.8443912963589982
FDW13,OUT045,-0.9233870842488544
FDM57,OUT013,-0.5727965977081262
FDF59,OUT019,-1.2019602550868371
FDR47,OUT017,1.421449636066439
FDK60,OUT017,-0.4378462614874147
NCV53,OUT049,1.316937356623478
NCR50,OUT035,0.4468968576656557
FDF53,OUT045,0.3772234650552653
NCO42,OUT017,1.0968330650655
FDC10,OUT046,-0.1466189527135026
FDV24,OUT045,-0.1955898253291957
FDV55,OUT013,0.2104143742902716
FDV23,OUT010,-1.1842547010772664
FDD59,OUT046,-0.4286921502500829
FDM56,OUT017,-0.4407789374682029
FDR45,OUT018,0.1838829833175082
FDY31,OUT010,-1.1621842124363402
NCI06,OUT045,1.902331098958788
NCM54,OUT013,-0.4541607376025501
FDK56,OUT045,0.8222903268253442
FDT52,OUT017,0.3863026450288702
FDY12,OUT027,-0.4948136785422662
FDP39,OUT019,-1.1590794350021958
FDI05,OUT019,-1.2529655734097431
NCY30,OUT017,0.4743198869578345
FDQ19,OUT017,1.2429385710347236
FDT02,OUT027,-0.8363646120171824
FDB15,OUT046,-1.0192180400496635
FDH50,OUT017,1.6282200316907074
NCN14,OUT027,0.4260163744598362
FDL03,OUT010,-1.0592907988049387
FDT23,OUT010,-1.2619481147114149
FDE35,OUT010,-1.323114404390968
NCZ05,OUT019,-1.294192449261895
FDL08,OUT045,-0.5668268613143124
DRY23,OUT035,-1.0848320278051724
FDM38,OUT027,-0.1977421106760616
FDY14,OUT019,-1.1164811540829118
FDG59,OUT018,-1.2609537844120648
FDM50,OUT049,-0.6939990312520757
NCO18,OUT017,1.1745338400391292
NCA30,OUT010,-0.9933177817251204
FDH56,OUT010,-1.0606584533689325
FDL26,OUT035,0.3695742026981684
FDI21,OUT046,-0.2422102903133732
FDK44,OUT046,-0.009107965392486
FDK34,OUT045,0.0297424220943284
FDN24,OUT013,-0.824109724097874
FDR44,OUT013,0.0282429258440585
FDG21,OUT046,1.164173736709312
NCC19,OUT018,0.2663150565355685
NCR53,OUT017,1.1248855358119525
FDL52,OUT049,-1.0333671832218574
FDL44,OUT018,-0.9415172650760344
FDG12,OUT017,0.357812360871873
NCP30,OUT049,-0.724386766121949
FDU50,OUT018,-0.7610440210703311
FDZ32,OUT027,0.2512437961623729
FDU43,OUT027,0.0297424220943284
DRL37,OUT049,-0.9963394785296504
FDY52,OUT046,-0.8448229673310738
NCY29,OUT010,-1.258696529340303
NCJ42,OUT017,0.6332184410561804
FDU40,OUT018,-0.1049389211932952
FDF24,OUT018,-0.6177640360192469
FDU34,OUT013,0.1726255138513905
FDU39,OUT017,-0.7079832691830716
FDP19,OUT013,-0.0211947526106062
FDQ01,OUT018,0.4575283554213638
FDO45,OUT035,-0.4538291358606068
NCF30,OUT017,0.2706148245125783
DRF49,OUT035,-0.4753126152342602
DRF23,OUT027,3.275908132103719
FDH14,OUT046,-0.4502756988538687
FDI08,OUT027,2.4440270190617945
DRF13,OUT019,-1.1758078277008202
FDX09,OUT035,3.672182084469226
NCV29,OUT010,-0.9000768517567657
NCK17,OUT046,-0.9607902166004288
FDJ45,OUT045,-0.8223760767831365
NCS05,OUT035,0.0214855417051499
FDF38,OUT045,-1.0332916038755895
FDX21,OUT049,0.1255733778951373
DRG36,OUT049,0.2779631934398734
FDY03,OUT018,-0.0479583528793007
FDL46,OUT049,-0.1312322573930373
FDF50,OUT018,0.2362396024328992
FDT39,OUT010,-1.067133517950068
NCD54,OUT045,-0.2938669207588162
FDX07,OUT035,0.1821222752370564
NCH07,OUT010,-1.15562606722559
FDX32,OUT046,0.1080271369848967
FDX33,OUT018,-0.0210105138730493
FDU02,OUT035,0.4208363227949276
FDQ21,OUT019,-1.186368586125346
FDU35,OUT035,-0.2886299947676192
DRF01,OUT027,-0.1321341924340654
FDJ57,OUT018,0.3250053669941184
DRM49,OUT018,-0.971833262345276
FDM13,OUT018,-1.0209447239379663
FDV25,OUT013,3.081656194669646
NCD31,OUT035,0.5910568325028878
FDU22,OUT027,0.6678248384676756
FDK58,OUT018,-0.7049615723785415
FDY44,OUT017,0.4879277364617111
FDS33,OUT019,-1.1314524927893497
NCE06,OUT046,-0.295447649556528
NCZ42,OUT019,-1.127775321659998
FDK16,OUT027,1.1697854593462962
FDQ34,OUT035,-0.8806516580133583
FDL43,OUT027,0.7735115069807882
DRK13,OUT013,1.0830195939590772
FDC47,OUT013,1.4520982750838152
FDR19,OUT027,2.51487220833423
NCU30,OUT010,-1.1333109920936053
FDN21,OUT045,-0.0743444233754382
FDC57,OUT019,-0.9855477042277576
DRH11,OUT013,-1.0386432337930709
FDG53,OUT010,-1.2704505457977306
FDB51,OUT013,-1.0770619503078096
FDL38,OUT018,0.2006841270363121
FDV60,OUT010,-1.106415576408958
FDH50,OUT013,0.0737728612460514
NCE42,OUT013,1.063162729243594
FDI19,OUT010,-1.0468449822625092
FDP16,OUT045,0.6004728621534375
DRD01,OUT027,-0.6404546203056568
FDD56,OUT027,1.502061755740854
FDQ57,OUT049,0.9181212826261534
FDV13,OUT035,-0.4569531092289855
FDB37,OUT027,1.5997297475337102
FDY08,OUT049,0.1963675451574652
FDC28,OUT010,-1.2451459727215557
DRN11,OUT045,0.9915053478790252
FDY19,OUT013,0.2434195532718081
DRC24,OUT018,0.5335024465066897
FDH53,OUT045,-0.6949945707441855
FDI58,OUT049,-0.4714613112872894
FDK14,OUT017,-1.0425282725417522
NCN54,OUT045,-1.2609537844120648
FDP16,OUT010,-1.2018148612376915
FDT34,OUT035,-0.8154693412299252
DRM11,OUT017,1.4149896530899446
FDQ07,OUT035,0.6781509367430836
FDL03,OUT027,1.82247196912478
FDA38,OUT027,2.474332553706829
FDV47,OUT027,-0.0359029643963104
FDE52,OUT018,-0.7539466149549092
FDR16,OUT018,-0.3911367756794955
FDK50,OUT013,-0.2072449415752402
FDQ40,OUT045,0.2395340130199792
FDO16,OUT027,-0.0781525583057229
NCP29,OUT019,-1.2753119573750078
FDC09,OUT018,-0.9622374717356688
FDH24,OUT049,1.1857572853130978
FDK27,OUT027,0.4458732391753191
FDR43,OUT046,-1.1236824152919869
FDG29,OUT018,-1.1664690658365808
NCJ05,OUT046,0.912509559989169
FDK20,OUT027,0.3863026450288702
FDC60,OUT017,-0.4425056213565058
FDU38,OUT017,0.5037171494334652
FDR28,OUT013,0.3144880111198717
FDJ44,OUT013,1.0139522384269626
FDS25,OUT027,0.8602773723680073
FDH41,OUT018,0.4355545473785583
NCS06,OUT046,-0.8495713480239068
FDH10,OUT027,4.4172461822719145
FDP15,OUT049,1.2732041065069015
DRK01,OUT045,-0.6255341135166097
FDA55,OUT019,-1.0710185566987491
FDS57,OUT013,-0.340199600974561
FDG31,OUT035,-0.7748922698548079
FDI36,OUT049,0.6065106496644215
FDV14,OUT035,-0.6773346301656958
FDN58,OUT027,4.647758481360347
NCR42,OUT035,-1.0926715939661051
FDK58,OUT019,-1.2298734744226132
FDV23,OUT046,-0.2299272707622599
NCW17,OUT046,0.638398492721089
FDQ51,OUT027,-0.5029395574471062
NCP06,OUT046,-0.3812083433217541
NCX42,OUT013,0.0249940414014954
DRH36,OUT019,-1.2160600033161904
FDA26,OUT027,0.7691947972600311
FDZ36,OUT010,-1.0395368992143286
FDF57,OUT049,0.7385461582426552
FDF14,OUT013,-0.1714065735057054
FDV40,OUT049,-0.6364099787560413
FDS58,OUT035,1.2397161568225623
FDY39,OUT013,0.6148047516579344
FDW04,OUT049,-0.3422576751370802
FDK02,OUT027,0.7579622677743865
FDE26,OUT017,0.1715863082097403
FDR32,OUT049,1.0079088448179023
FDP37,OUT017,0.2218360046680223
NCY30,OUT046,0.2827016117306982
NCV54,OUT017,-0.0312916238660763
FDU10,OUT017,-0.5633734935377065
FDE17,OUT035,1.7745564912243752
FDG60,OUT027,3.0453958330152857
FDK22,OUT018,-0.9402222521598071
FDL04,OUT045,-0.477424096285489
FDF28,OUT018,-0.4241535045843566
FDV58,OUT017,0.5674635851299628
DRH15,OUT013,-0.8482763351076795
FDU36,OUT019,-1.041664930597601
FDH28,OUT018,-1.0166280142172093
FDJ36,OUT013,-0.337695940202858
FDJ57,OUT017,1.0476225742488685
FDT32,OUT045,0.4882180959872937
FDH10,OUT013,-0.3561714269413624
FDR36,OUT027,-0.7154998796316394
FDZ21,OUT049,0.4540749876447578
FDM52,OUT046,0.4596867102817422
FDX03,OUT017,-1.0011406672195202
FDJ44,OUT035,-0.3432212977790909
NCY18,OUT027,0.0012521379373309
DRM35,OUT027,2.456596627104008
FDZ57,OUT018,-0.4446639762168843
FDX31,OUT019,-1.058068427536478
NCV05,OUT013,-0.1373162406648917
FDK38,OUT010,-1.1685761963878614
DRH23,OUT019,-1.2894440685690622
FDA28,OUT027,0.5969580794018201
FDY58,OUT010,-1.0680027835752337
NCJ29,OUT017,-0.471467306714583
FDO28,OUT013,-0.2672472066937649
FDZ43,OUT018,-0.1040755792491438
NCD55,OUT018,-1.1304735860240036
FDT50,OUT045,-0.7394952501445989
FDZ55,OUT017,1.2289243825206695
FDV51,OUT049,0.2992868582152882
DRH23,OUT013,-0.8953284710639327
FDP52,OUT018,-0.3186160523707751
FDX58,OUT049,0.4195413098787006
DRM23,OUT035,-0.4666791957927459
FDS22,OUT013,-0.905256903421674
FDU55,OUT035,1.7701701512117036
NCU54,OUT017,0.5932102871804293
FDX46,OUT017,-0.7796476816278617
FDG34,OUT017,-1.1500143445886055
FDQ34,OUT017,-0.2629304969730076
NCV54,OUT013,-0.6695645526683329
FDF52,OUT018,-0.5331565254924063
FDK10,OUT027,0.853370636814796
FDO36,OUT049,1.2030241241961264
FDO38,OUT018,-0.704529901406466
FDG50,OUT046,-0.3557397559692867
FDY38,OUT017,2.8692740764083937
FDE57,OUT027,1.5811678957344546
NCQ05,OUT027,0.0047055057139366
NCM30,OUT013,-0.93288384563452
NCX05,OUT027,-0.3095509619571851
NCN26,OUT035,1.1460435558821318
FDA52,OUT049,0.9267547020676676
FDC58,OUT013,-1.247140313305642
FDP40,OUT018,-0.1620549869673766
FDF45,OUT027,-0.2719078847363536
FDU12,OUT049,-0.1645095153397442
FDH52,OUT046,-0.7356431651913005
FDR48,OUT045,-0.376891633600997
NCR53,OUT018,2.286518264106176
FDZ22,OUT046,-0.5620797228695926
FDU43,OUT045,0.6602453065670407
DRQ35,OUT045,-0.317321039454548
FDA01,OUT045,-1.0572050855923265
DRI01,OUT010,-1.025693104630799
DRJ49,OUT018,-0.2724272583586734
FDX36,OUT049,1.8488038984213984
NCA05,OUT019,-1.1685761963878614
FDE17,OUT010,-1.2631121392724434
FDX19,OUT045,0.0025471508535582
FDB29,OUT017,0.1980941012038578
NCV29,OUT049,-1.0153330013009818
FDR35,OUT017,0.6851819352163808
FDF09,OUT018,-1.2402335777524305
NCN55,OUT045,0.0413975383403727
FDG44,OUT046,-0.4869677314803047
FDF33,OUT027,-0.1722795928371071
DRL59,OUT049,-0.8306021190933238
FDN23,OUT018,-0.0721619782080371
FDY38,OUT045,2.1138498752758887
DRI37,OUT035,-0.8470650422659531
FDR40,OUT013,0.1013998034588972
NCM19,OUT049,-0.1316201060727652
DRA24,OUT019,-1.0425282725417522
NCA05,OUT049,-0.5910004357505524
FDO36,OUT045,0.1644654758848117
NCW30,OUT035,0.4860186395783609
FDR08,OUT019,-1.2890123975969865
NCT42,OUT018,-1.0710185566987491
FDL26,OUT010,-1.2140377785641168
FDH34,OUT046,0.9271863730397436
FDY04,OUT018,-0.7265451209823274
FDZ15,OUT035,0.4160879421020947
FDS15,OUT035,-0.193488367248631
DRC12,OUT013,0.2390680965721627
FDZ52,OUT027,1.3782825388588675
FDC03,OUT045,0.4070136035566672
FDJ53,OUT010,-1.2061134336285202
FDT15,OUT018,0.5382508271995227
FDX13,OUT049,1.3767141560913867
FDG22,OUT019,-1.3315227979558242
FDD48,OUT046,-0.3271980710587981
FDN15,OUT019,-1.2704505457977306
DRN59,OUT046,-0.9255859679535956
FDS21,OUT019,-1.2808106491275475
FDL40,OUT013,-0.609993958521884
FDN45,OUT018,0.9284829425708866
FDY32,OUT019,-1.14958267361653
FDE28,OUT045,0.966828178664571
FDJ34,OUT049,-0.5495600224312837
FDV10,OUT018,-1.1137743577465653
FDS20,OUT035,0.5678714482550234
FDB03,OUT010,-0.9852314327911584
FDM33,OUT013,2.210975843992925
FDT15,OUT049,0.5382508271995227
DRH01,OUT013,0.3806853433424781
FDA32,OUT049,0.3172352894967556
FDT49,OUT017,-0.532293183548255
NCF18,OUT018,2.119893268884949
NCN29,OUT046,-0.8971505060205773
NCK18,OUT035,1.4223129780105908
FDU04,OUT019,-1.0451182983742064
FDQ12,OUT035,-0.0207630816385304
FDK20,OUT019,-1.2816739910716992
FDM24,OUT013,0.0399787253317385
FDA39,OUT035,-0.6225124167120797
FDS07,OUT046,-0.7705755601340506
FDI26,OUT019,-0.7826623473521707
DRO59,OUT013,-0.7833447391459344
FDZ09,OUT046,0.2317644370257638
FDN15,OUT017,-0.13939576123994
FDP56,OUT017,-0.8180593670623795
FDH34,OUT035,0.6820801117877288
FDA13,OUT017,-0.868996541767314
NCR41,OUT049,-0.8055409088721837
FDO01,OUT046,0.0552110094467954
FDW21,OUT018,-0.7259766824585095
FDX21,OUT013,-0.2455463726165519
NCR42,OUT010,-1.3395179013298453
FDJ07,OUT046,-0.2846182942812266
FDP37,OUT046,0.0805745953979403
DRJ59,OUT049,-0.9855477042277576
FDY34,OUT018,0.3586757028160244
FDT34,OUT019,-1.1845028899132803
FDC05,OUT027,1.7396003368709945
NCH07,OUT049,1.3100785252709044
FDB35,OUT046,-0.5271131318833464
FDL20,OUT035,-0.42394376955725
DRI25,OUT017,-0.3937268015119498
FDD28,OUT035,-0.7825952290208072
FDD57,OUT027,1.0463275613326413
NCG55,OUT013,-0.3958851563723283
FDN03,OUT019,-0.711868307931753
FDA38,OUT035,0.4950889854397724
DRH39,OUT013,-1.162532802778801
FDF47,OUT017,0.0936297259615344
FDO13,OUT013,0.9845986123258136
FDC20,OUT046,-1.0710185566987491
FDA55,OUT018,0.2343544628582181
FDX46,OUT013,-1.2458453003894148
DRG51,OUT017,-0.4014968790093127
DRH11,OUT010,-1.2952522040561605
FDB02,OUT045,0.583576279267473
FDI16,OUT049,-0.9050345210495458
FDT39,OUT046,0.0713823875001559
DRH59,OUT017,-0.6531540416267732
FDS11,OUT019,-1.2160600033161904
FDM34,OUT035,0.1343684448241643
FDR46,OUT035,-0.0149920751236744
FDQ47,OUT013,-0.9886272807735288
DRH13,OUT035,-0.2909819598253098
FDC05,OUT018,0.6832922738169634
FDD22,OUT049,0.7419995260192609
NCA41,OUT027,1.6328198449340732
NCJ06,OUT017,0.2615497340989883
FDG32,OUT017,0.9457482248389992
FDE08,OUT027,1.6230399800257989
FDD36,OUT049,-0.1317025214619897
FDG56,OUT017,-0.4873994024523804
NCG54,OUT027,2.188960624417064
NCQ42,OUT013,-0.7015082046019359
NCO02,OUT013,-0.7669457360042403
FDI60,OUT049,-0.7869790570729277
FDN60,OUT049,0.1497689310963069
FDP34,OUT019,-1.1582160930580443
FDZ16,OUT049,0.7640901312105235
FDU19,OUT018,0.8749541854185817
FDJ50,OUT027,-0.5546544689636912
FDX24,OUT017,-0.3588500044813333
FDX24,OUT019,-1.2410969196965818
FDH53,OUT049,-0.6490677983601819
DRB01,OUT035,0.0652104146616217
NCJ06,OUT046,-0.1190455538607429
DRD13,OUT027,0.6280383893912719
NCT17,OUT045,0.2270160563329308
FDZ40,OUT046,-0.8788919675523281
FDU49,OUT035,0.0418292093124483
FDJ03,OUT027,-0.5511260039618121
NCS29,OUT017,0.528754065813857
FDE32,OUT046,-0.8197860509506824
FDO38,OUT010,-1.2574854998914782
NCH55,OUT046,-0.1406888234085488
FDK20,OUT045,-0.725681779038176
FDT22,OUT035,-0.9337471875786716
NCI18,OUT017,-0.4882627443965318
FDX55,OUT017,-0.5141630027210747
DRF01,OUT046,-0.6048139068569753
FDW48,OUT013,-1.0999405118278225
FDS59,OUT027,0.1346384683087274
NCB18,OUT010,-1.0740402535032794
FDS23,OUT045,0.4717734974998623
NCP53,OUT018,0.6422835314697705
NCJ05,OUT017,-0.2737222712749005
NCQ41,OUT019,-1.0884295426043926
FDD50,OUT013,0.5028538074893139
FDZ60,OUT046,-0.4954822997819455
FDA47,OUT049,0.25176966646546
DRH37,OUT013,0.8779758822231118
NCZ05,OUT035,-0.558193441872798
FDC26,OUT046,-0.9285671359137628
NCU41,OUT049,2.975033464566944
FDT31,OUT017,1.8263570078734617
FDM08,OUT017,1.3946860357977446
FDD10,OUT017,-0.0885354242544181
DRE03,OUT013,-1.0141546050736518
NCD30,OUT010,-1.2342762476160545
FDH41,OUT019,-1.082242001972718
FDL50,OUT049,-0.1502643732612456
NCW18,OUT017,0.8270434532646009
NCL19,OUT019,-1.1794108999472048
NCS18,OUT013,0.2373761596627479
FDC04,OUT035,1.2889612836633253
FDY12,OUT049,-0.7974890425152427
FDZ07,OUT010,-1.2406652487245062
FDN48,OUT049,-0.4535018377605804
FDD58,OUT027,0.3581988439932929
FDH40,OUT045,-0.658155524096115
FDC53,OUT018,-1.1694395383320129
FDY03,OUT010,-1.1422442670912427
FDA50,OUT046,-0.484809376619926
NCQ50,OUT018,0.76010622113198
DRJ49,OUT017,-0.2724272583586734
FDT57,OUT035,1.7123958712454723
FDC37,OUT017,-0.2045166276351226
FDI26,OUT027,2.5722844476203
FDB22,OUT046,0.0421994835790817
DRH37,OUT045,0.1316167715041975
FDU01,OUT027,1.519007275755551
FDJ53,OUT035,-0.501644544530879
FDG10,OUT046,-0.7654578044823462
FDR21,OUT027,1.0411475096677327
FDV58,OUT035,1.430946397452105
NCU05,OUT049,-0.5253864479950434
DRG37,OUT017,0.1952967707967264
FDU33,OUT010,-1.3313161528604067
FDZ23,OUT046,0.5140009908394366
FDZ60,OUT045,-0.5787429534125533
DRI39,OUT018,-0.7006448626577845
FDK21,OUT035,1.0735228325734114
NCA54,OUT018,0.3168136055927617
FDK36,OUT049,-0.9147947870863534
NCF07,OUT045,-0.5348099622121669
FDJ20,OUT045,-0.558193441872798
FDP40,OUT017,-0.2101069883805088
FDQ20,OUT046,-0.961854909624962
FDA44,OUT017,-0.4071086016462971
FDP52,OUT019,-1.09097946678038
FDE14,OUT018,-1.1668495124995584
FDA28,OUT017,-0.2189000578212845
FDK14,OUT013,-0.5115729768886205
FDW13,OUT049,-0.7887057409612306
NCN07,OUT046,-0.6773346301656958
NCM42,OUT035,-0.355011236769255
NCH29,OUT045,-0.7265451209823274
FDX40,OUT035,-1.0356215369885406
FDT13,OUT049,0.6722799917729226
FDR13,OUT046,-0.1833922959773309
NCQ53,OUT049,0.9375464763695608
FDX10,OUT049,-1.1209540517997922
FDK44,OUT035,-0.1217740891042482
FDY19,OUT035,-0.0506006851796598
FDV09,OUT017,-0.4947378089776675
NCO02,OUT035,0.1773738945442234
FDN49,OUT027,-0.76026078921133
FDW25,OUT018,-0.4569758136197113
NCK05,OUT013,-0.4873994024523804
NCO18,OUT049,0.6429705329315657
FDX37,OUT035,-0.7135949918200559
NCG43,OUT013,-0.7010765336298602
FDC47,OUT010,-0.7688488762457476
FDM46,OUT035,-0.5150263446652262
FDV11,OUT045,0.682428931872812
FDI38,OUT018,0.551482216533834
FDW34,OUT017,1.0022971221809185
NCX42,OUT027,1.730957723044728
FDC34,OUT049,0.9621517217778764
DRG15,OUT013,-0.6462543201762441
FDS58,OUT017,0.5195904044881847
FDN38,OUT017,0.9518933067996954
FDF12,OUT045,-0.594453803527158
FDT36,OUT019,-1.3332117728080135
NCZ54,OUT010,-1.1504460155606813
FDD39,OUT018,2.707397461879999
NCL54,OUT017,0.3418405349050716
FDS16,OUT049,1.5828945796227574
FDD52,OUT045,-0.4763881105979436
FDD05,OUT010,-1.211601927831636
NCF07,OUT017,-0.6393475846230326
FDF32,OUT046,-0.4636574989882159
DRF25,OUT049,-0.8862633806503426
FDX28,OUT045,-0.486509870461783
FDF56,OUT017,0.6349451249444833
FDP45,OUT045,-0.3820716852659054
NCK05,OUT049,-0.6989718565005838
FDX45,OUT035,0.1452177058198443
DRN35,OUT017,-1.0011785361999606
NCX42,OUT046,-0.6147423392147168
FDH26,OUT045,-0.7205017273732675
NCI30,OUT049,0.7135508327428838
FDN16,OUT027,0.3677979245905947
FDE44,OUT013,-0.9777776267303948
NCC42,OUT027,0.7666501767236726
FDP48,OUT018,1.4879269657660994
FDA20,OUT027,2.748406204227192
NCC30,OUT045,0.3819629867309128
DRE01,OUT046,2.0957196944487086
FDV52,OUT018,0.4726368394440138
FDH31,OUT045,-0.3900063994373859
FDH58,OUT017,0.3565173479556457
FDQ36,OUT019,-1.336927875497391
FDM46,OUT010,-1.2433039932383758
FDE41,OUT035,-0.7580571019438547
DRO35,OUT035,-0.09019163856851
FDY01,OUT049,-0.464952511904443
FDV15,OUT045,-0.2451024869610273
FDE09,OUT017,-0.2476907954239779
FDY20,OUT027,0.2365507824278723
DRH15,OUT035,-0.901393085086608
FDR02,OUT035,-0.2011753978219962
NCM42,OUT045,-0.57424435365118
FDC02,OUT010,-1.0235347497704206
NCX54,OUT010,-1.292465765373592
FDR15,OUT018,-0.1009920109290703
FDO39,OUT049,1.260004692510121
NCW29,OUT019,-1.2769256103788664
FDK32,OUT046,0.0666261386229267
FDW37,OUT046,-0.4898713293698692
FDI16,OUT019,-1.2854620126471934
FDD08,OUT027,-1.0904437504421567
NCW42,OUT046,-0.041794910784516
FDI48,OUT013,-0.7628054826366877
FDV36,OUT018,-0.4233753073344293
FDH22,OUT045,-0.2990205224628113
FDP40,OUT049,-0.4908527702289861
FDC28,OUT027,0.186870655929889
DRG51,OUT035,0.5131521598088414
FDW07,OUT013,-0.3850933820704355
FDE22,OUT049,0.1774216226709235
DRF48,OUT027,1.2978734899547644
FDS24,OUT013,-0.9592157749311389
NCR30,OUT027,-0.1665672325027739
FDU21,OUT017,-0.9868427171439847
DRG49,OUT027,0.8568240045914016
NCG42,OUT045,-0.5193430543859835
FDL02,OUT049,-0.5374732352131636
FDN40,OUT045,-0.3156415458957055
FDU15,OUT045,-0.9881377300602115
FDN15,OUT013,-1.0891487375259297
NCV54,OUT019,-1.0537517178157207
FDW22,OUT045,0.3932595285818415
FDO23,OUT018,-0.6255341135166097
FDY48,OUT035,-0.4304188341383858
FDU58,OUT018,1.6713871288982791
FDL04,OUT013,-0.7433802888932803
FDU27,OUT045,-0.7586006144187762
FDW04,OUT027,2.258459650921254
FDW40,OUT049,-0.137444892429583
FDW50,OUT027,1.1518622907977132
FDX49,OUT046,1.1095876287187283
FDJ03,OUT046,-0.9062292405048356
FDV16,OUT019,-1.273040571630185
FDR03,OUT018,0.5880042753275487
FDK36,OUT017,-1.14051758320294
FDB60,OUT027,1.784699426236669
FDR16,OUT013,0.6006788805307116
FDH34,OUT045,0.2892840855051667
FDK10,OUT046,0.3568854416857788
FDV26,OUT045,0.4096128775209591
FDJ53,OUT046,-0.814174328313698
FDA26,OUT045,0.6513604353812864
FDG47,OUT035,1.8703874470251844
FDZ23,OUT049,0.4519166327843794
FDP16,OUT046,0.3910510257217032
FDQ12,OUT018,0.601806998391541
FDI04,OUT010,-1.1086530682841271
FDD23,OUT046,0.6400653531633532
FDN39,OUT046,-0.4908527702289861
NCB31,OUT045,0.0029788218256337
FDS49,OUT049,-0.5526868029802585
FDS02,OUT013,0.5189233485180356
FDA44,OUT013,-0.7740289279106563
FDE11,OUT013,0.6789755640962063
FDH58,OUT046,0.6552336606320418
FDY22,OUT027,0.949586248978007
FDQ44,OUT046,0.1316167715041975
FDP10,OUT010,-1.2402272862908608
NCE55,OUT035,0.4495360507428935
FDO03,OUT013,1.1271299239806791
NCQ41,OUT046,0.4964402138686071
FDR04,OUT010,-1.1720295641644671
FDT58,OUT049,0.8145202493279814
FDE34,OUT035,0.1708988299630876
DRZ11,OUT017,-0.6384842426788813
NCJ17,OUT010,-1.2505936810822476
DRN11,OUT046,-0.4200587308085686
FDH41,OUT017,0.5852131305404115
FDD14,OUT019,-1.121955731403684
FDS27,OUT035,0.1670137912144061
DRO59,OUT035,-0.580582130611177
FDH19,OUT017,0.2162242820310379
FDB09,OUT018,-0.6345992039301998
FDV20,OUT013,-0.7015082046019359
FDM50,OUT046,-0.7359902860359565
FDW39,OUT045,0.4179247337536654
FDK44,OUT018,0.1502619649793173
FDF57,OUT013,0.0520796498225459
FDM58,OUT017,-0.0557284303766635
NCF43,OUT013,0.495083729991951
DRP35,OUT049,0.7109192160298095
FDV24,OUT049,-0.5840937001973409
FDZ44,OUT017,-0.829282812336348
NCW18,OUT035,1.4050461391275617
FDG12,OUT045,0.2796799149261684
FDS15,OUT017,0.3172352894967556
FDC08,OUT018,0.78236362553071
FDH46,OUT049,-0.829282812336348
FDU14,OUT035,-0.7135949918200559
FDP33,OUT046,1.9541316156078736
FDJ52,OUT013,-0.0933617032295096
FDI32,OUT013,-0.9130269809190372
DRG23,OUT018,0.5170989495678124
FDT48,OUT018,1.726209342351895
NCC43,OUT018,-0.7101416240434503
NCM43,OUT010,-0.8323045091408781
NCS29,OUT046,1.1960039656521118
FDT27,OUT027,0.9181212826261534
FDV04,OUT027,0.5745111888538829
FDW20,OUT049,-0.2786239396360593
FDQ37,OUT010,-0.8586364384374968
DRH25,OUT027,-0.5193430543859835
FDR56,OUT046,0.2921951580222995
FDW33,OUT018,-0.4041127391428626
FDR03,OUT013,0.9996636923499236
FDG57,OUT046,-0.7938857926261392
NCY06,OUT018,0.1618337395494976
FDX19,OUT027,2.2311249520578373
FDB34,OUT027,0.0526209836143412
FDJ26,OUT045,-0.6682695397521058
NCS53,OUT019,-1.15562606722559
FDG09,OUT046,1.1952540466987636
FDK24,OUT013,-0.9109203259048716
FDV23,OUT018,0.7376828162985037
NCT42,OUT035,-0.297464174739065
NCN42,OUT013,0.8330821011272371
NCF55,OUT049,-0.8470764859098013
FDK43,OUT019,-1.1970664805448588
DRM11,OUT027,1.797651840690117
NCC07,OUT010,-1.2183912734793436
FDL27,OUT049,-0.1049389211932952
FDQ03,OUT018,0.9961360608815238
FDT56,OUT017,-0.8322459170958233
FDU25,OUT046,-0.8353262059454082
FDW46,OUT013,-1.1072789183531095
FDL12,OUT035,-1.0114479625523003
NCC07,OUT017,-0.4080991696900595
FDP36,OUT049,-0.8888951342489667
FDT49,OUT018,-0.9466973167409428
DRD13,OUT017,-0.7394952501445989
NCR53,OUT046,0.7385126863770805
FDR34,OUT017,3.9847118682520457
DRB01,OUT049,-0.376891633600997
NCI17,OUT018,-0.6725862494728628
FDU37,OUT035,-0.0660885337064807
DRN37,OUT010,-1.1444026219516212
FDB39,OUT045,-0.9622374717356688
FDN56,OUT027,2.3858025876835907
FDA33,OUT027,1.092116194188042
DRG37,OUT046,-0.654024397673607
FDA31,OUT013,0.5513736678284649
FDD09,OUT010,-1.1250926091549458
FDB57,OUT046,0.0806795967992628
NCG30,OUT017,-0.2089338174667551
FDB22,OUT049,0.8326504301551616
FDT60,OUT046,0.7264593710245351
FDD10,OUT045,-0.6669745268358787
FDV20,OUT027,0.4527799747285308
FDX47,OUT010,-1.167306502078009
FDG22,OUT045,-1.0145906379250689
NCK07,OUT018,-0.0816286887012066
NCG42,OUT018,-0.5193430543859835
FDI28,OUT013,-0.2309868450394046
NCB31,OUT018,0.0029788218256337
FDZ40,OUT019,-1.2842535036422125
DRQ35,OUT035,1.0476225742488685
FDD50,OUT017,1.4896536496544022
FDU58,OUT046,0.5820833055801632
FDL34,OUT045,-0.1714162508929557
FDP07,OUT017,0.822899121546409
NCP43,OUT045,0.1540636620521348
DRL11,OUT017,0.11500098881665
FDZ32,OUT046,-0.4264002654572517
NCL55,OUT019,-0.868996541767314
FDP38,OUT049,-1.0986454989115952
FDS25,OUT046,0.2870183214514553
NCO26,OUT045,-0.3846617110983597
DRM23,OUT046,0.2181954842236186
FDN49,OUT035,-0.9207970584164
NCO55,OUT035,-0.2832230858780426
NCN43,OUT018,-0.4279980450824134
FDH02,OUT010,-1.267176955748005
FDD11,OUT045,0.9353881215091822
NCV18,OUT045,0.2576646953503068
FDV11,OUT017,0.3590484219738022
FDT26,OUT018,-0.3509913752764539
DRK12,OUT035,-1.2747672555184877
FDA32,OUT046,-0.6617944751709699
FDV46,OUT027,0.8498658956034439
FDY07,OUT010,-1.2121749645675088
FDR52,OUT045,0.3733525158665989
FDY10,OUT045,-0.0988955275842353
FDX10,OUT018,-1.2270752637003148
NCS29,OUT049,0.528754065813857
NCK30,OUT027,2.0890440205843226
NCQ06,OUT019,-1.1957714676286315
FDC02,OUT027,1.3394321513720533
FDW09,OUT045,-1.001519530194559
FDY12,OUT017,-1.0330315111560864
FDC40,OUT046,-0.659576861575646
FDX21,OUT017,-0.433940754496961
FDA43,OUT035,0.3744392485070799
NCA17,OUT049,0.053357621237976
FDH24,OUT027,0.9559761738738822
FDS47,OUT018,-0.6095479593675202
FDR21,OUT035,0.583576279267473
FDA13,OUT013,-0.9428122779922616
FDR27,OUT017,0.6146565892569245
FDJ58,OUT035,1.0890629875681377
NCO17,OUT049,-0.1955898253291957
FDU57,OUT049,0.0803306572905501
NCN53,OUT017,-0.9492873425733972
FDK15,OUT013,-0.2702586851885084
FDB16,OUT018,-0.5750244030387158
FDJ22,OUT017,0.5037171494334652
FDT19,OUT027,1.4447598685585277
FDR23,OUT019,-1.1323158347335012
DRH25,OUT018,-0.9552983485367268
FDA07,OUT019,-1.189114722869744
NCR54,OUT019,-1.2337585131712947
FDA43,OUT027,1.800888420520994
FDT12,OUT049,0.6285715811956837
FDV59,OUT046,2.308965154654113
FDY26,OUT010,-1.0865587116934752
FDC17,OUT018,0.4122029033534134
FDG17,OUT045,0.9675601430909332
FDN20,OUT046,0.1678771331585578
NCQ53,OUT046,4.15565357319403
FDV13,OUT045,-0.5209588878249355
FDK43,OUT018,-0.5409266029897692
FDS02,OUT027,2.433286394611919
FDY08,OUT045,-0.2681105486379163
FDS13,OUT049,0.8301409931141467
NCW53,OUT049,0.3854393030847188
FDD22,OUT017,-0.3380422968172444
FDZ07,OUT049,-1.039938246709298
FDO34,OUT017,1.4672067591064653
FDG58,OUT017,-0.0479583528793007
FDA51,OUT046,-0.5491283514592079
FDC29,OUT013,-0.4701325635693517
NCP05,OUT035,0.508897201098374
FDC33,OUT049,0.5609296066306707
FDZ31,OUT045,0.7339868658061537
FDO34,OUT013,0.2706148245125783
NCH42,OUT013,1.5194951850396468
FDC11,OUT017,-0.5233563429875936
FDA23,OUT013,-0.2456636580899789
FDT59,OUT017,-0.166236199228047
FDU52,OUT046,0.1135279165370387
NCM30,OUT045,-0.9961347776787552
FDT20,OUT010,-1.3112151541745796
FDE34,OUT010,-1.1254090991802896
FDA40,OUT010,-1.2559471034787295
FDH10,OUT017,-0.6074039326894297
FDS55,OUT035,0.9492015926156052
FDA10,OUT046,-0.2563785327069645
NCB55,OUT045,-0.9384955682715044
DRP47,OUT013,0.7657414294834254
NCX30,OUT017,-0.0764486370362979
NCD31,OUT045,0.3046417379588693
FDO23,OUT027,0.1100332229004117
FDO13,OUT019,-1.041233259625525
FDE29,OUT049,-1.16469115763918
FDW24,OUT010,-1.3295894689721035
FDE56,OUT049,-0.7526967839670643
FDR47,OUT018,-0.2227850965699659
DRD24,OUT046,-0.0738586112038436
FDF40,OUT017,0.0919030420732316
FDX14,OUT027,-0.1061974601932153
FDX35,OUT045,0.2628447470152152
FDL26,OUT018,-0.8560464126050426
FDW03,OUT019,-1.1988444528684734
NCM54,OUT019,-1.1962031386007073
FDP45,OUT049,2.0655027264034085
FDP20,OUT035,-0.199903585098046
FDZ56,OUT019,-0.705824914322693
FDD56,OUT010,-0.6799246559981501
NCU42,OUT049,1.3692174484452777
NCT17,OUT018,0.5053327738442303
FDT01,OUT049,1.255256311817288
DRH25,OUT010,-1.3274311141117252
FDE08,OUT049,0.9492015926156052
FDX15,OUT046,-0.5288398157716492
NCA41,OUT017,0.1359334812249546
FDY34,OUT027,2.830855359893655
FDN46,OUT035,0.0349224737592369
FDA20,OUT035,2.1440668433211894
DRF15,OUT017,0.0274464914612374
FDS21,OUT010,-1.2808106491275475
FDN48,OUT046,-0.4013856214150295
FDR27,OUT019,-1.2080656707763502
FDO27,OUT045,-0.3665315302711796
FDX10,OUT017,-1.1094372732134885
FDQ36,OUT046,-0.7567620890276276
FDH22,OUT018,-0.2676677366043951
NCD07,OUT049,-1.1396542412587884
NCK06,OUT046,-0.1756427974492892
FDB32,OUT019,-1.239370235808279
FDX40,OUT018,-1.108702344962457
FDP25,OUT027,3.0281289941322576
FDR39,OUT013,1.1277641179379778
DRL37,OUT018,-1.2488669971939448
DRH59,OUT013,-0.8081167878693999
FDJ20,OUT049,-0.558193441872798
FDW15,OUT019,-1.1537441882785122
FDR59,OUT017,3.2193592347618
FDC46,OUT027,3.302240061400337
FDH08,OUT046,2.65991365495167
FDR49,OUT017,-0.8644403996981147
FDU15,OUT010,-1.3144809849494536
FDR25,OUT035,1.2349062946802
FDG16,OUT045,0.0375124995916912
FDF17,OUT019,-1.0860409388092964
FDJ45,OUT017,-0.9980387602283004
FDZ38,OUT019,-0.8020875410955779
FDB56,OUT017,0.6633630263294924
FDQ01,OUT049,0.622858337726363
FDC53,OUT013,-0.9138903228631884
DRF15,OUT049,-0.0255993496775328
FDH45,OUT018,-1.2808106491275475
FDH48,OUT045,-0.2387569225367675
FDI09,OUT018,2.5239372987478195
FDQ28,OUT027,2.5446575054074545
FDH14,OUT045,0.2783849020099411
NCA06,OUT035,-0.9010945070142355
DRF60,OUT049,1.1115098781160746
NCD30,OUT027,-0.7265451209823274
FDX01,OUT018,-0.3790499884613755
FDT28,OUT049,1.1753971819832807
FDB14,OUT027,0.6332184410561804
FDB44,OUT049,0.3834964455055697
FDD57,OUT046,-0.1882514188039087
NCK19,OUT027,1.638356383447788
FDF57,OUT035,-0.0350082237170291
FDK21,OUT027,2.521321040882235
FDM28,OUT035,0.4396044757352479
FDD22,OUT018,0.8870409726367017
FDO38,OUT045,-0.300485871543595
NCJ17,OUT018,-0.532293183548255
FDJ56,OUT018,-0.4837480363623342
NCP54,OUT049,0.4756585362485436
FDB49,OUT046,-1.041664930597601
FDA01,OUT027,-0.6773346301656958
FDU38,OUT027,3.487426908420819
FDX19,OUT017,2.12377830763363
FDS51,OUT045,-0.7910064405133658
FDC10,OUT017,-0.501644544530879
FDK38,OUT035,-0.0134246751132434
FDB47,OUT049,0.2654347728476695
FDS08,OUT018,-0.0244370716638792
FDS27,OUT013,0.2943567279767425
FDR21,OUT046,0.6979690868675379
FDB51,OUT035,-0.8741765934322226
FDL03,OUT013,0.421699664739079
FDN49,OUT046,-0.9207970584164
FDC46,OUT035,0.5520642983059457
FDR46,OUT019,-1.2661338360769734
DRH36,OUT018,-0.8297369775035565
DRI25,OUT045,-0.4653841828765188
FDI07,OUT049,1.0748178454896384
FDJ16,OUT017,-0.8353262059454082
NCB43,OUT046,0.1864372344162747
FDX58,OUT018,0.4078872415001909
FDM51,OUT045,-0.3043709102922764
FDQ33,OUT045,-0.24070780055954
FDB57,OUT013,0.6573920154924204
NCO14,OUT027,-0.8405062576103167
NCM05,OUT035,1.380872564691322
FDY20,OUT035,-0.4703253336977667
FDW03,OUT046,0.6720688285429949
FDH17,OUT013,-0.663089488087197
FDY40,OUT045,-0.879039417065431
FDW27,OUT049,-0.355308084997211
DRE37,OUT035,-0.1351558892385954
FDX43,OUT019,-1.1342744683519352
DRC36,OUT027,2.3853709167115142
FDW37,OUT049,-0.5261716830387863
FDW07,OUT045,-0.8443912963589982
FDT23,OUT045,-0.654024397673607
FDI32,OUT017,-0.1133462476012525
FDE24,OUT013,-0.0589455677336888
NCD06,OUT049,-0.9380638972994289
FDK43,OUT049,0.6073181827316372
DRE13,OUT049,-0.4563190924629287
DRC36,OUT013,-0.2258067933744959
FDD08,OUT049,-0.8197860509506824
FDR02,OUT013,-0.1355875602106711
NCD18,OUT049,0.9318697024931546
FDR34,OUT046,1.7572896523413468
FDK41,OUT019,-1.2424600630394778
NCN54,OUT019,-1.2523343231295698
FDW58,OUT013,-0.2629304969730076
FDP27,OUT046,0.7057488649288366
FDX25,OUT045,0.3807501048102101
FDM20,OUT049,1.092147504425453
FDX59,OUT035,-1.0525222577547575
NCQ05,OUT019,-1.068428530866295
NCO18,OUT045,0.0219723445969653
FDF33,OUT013,-0.5113061998367533
DRJ49,OUT013,0.1462935845547717
FDL14,OUT019,-1.103746586614673
FDT34,OUT046,0.2075908625895234
FDH46,OUT035,-0.3967401071337764
DRH39,OUT017,0.028879080150177
FDI14,OUT013,0.0647152235953967
FDQ28,OUT049,0.1471317759778951
NCG07,OUT018,-0.9920227688088932
FDY02,OUT046,0.9460772137423388
FDF32,OUT018,-0.4636574989882159
FDY19,OUT017,-0.0435595234312238
FDZ47,OUT010,-1.2471227073930684
FDK38,OUT017,0.1791005784325263
FDS58,OUT049,0.3034218183903326
DRB25,OUT045,-0.4204672450672507
FDV45,OUT046,1.1952540466987636
FDH38,OUT045,-0.3511045461216986
FDM32,OUT035,-0.3643371685269082
FDN28,OUT046,-0.0229214364989091
FDV39,OUT027,1.1321332536531388
FDN32,OUT046,0.3029587300044247
FDU58,OUT049,0.5057846393795544
FDP31,OUT046,-0.9466973167409428
DRP35,OUT027,0.7109192160298095
FDY56,OUT027,1.8583006598070644
FDN45,OUT035,2.555017608737272
FDE29,OUT045,-0.6147423392147168
FDN22,OUT049,0.5015908931206484
FDR52,OUT019,-1.2372118809479005
FDV22,OUT013,0.2619814050710639
FDX52,OUT017,0.6418518604976946
FDG02,OUT017,0.1203933262302287
FDL08,OUT017,1.6571419868197808
DRD37,OUT046,-0.5754602807558266
FDQ48,OUT045,-0.4445625527154421
FDJ36,OUT017,-0.3595249373426284
FDN23,OUT027,1.0856096197915317
FDM25,OUT027,1.1460435558821318
FDG31,OUT017,-0.7112430070170421
FDZ09,OUT018,0.0033030775742201
FDS31,OUT035,0.6407362740121996
FDM32,OUT049,-0.5975474000541868
FDM15,OUT017,1.186620627257249
NCM18,OUT010,-1.2763059914743122
NCV17,OUT035,0.1696038170468606
FDH17,OUT018,-0.6238723050353211
